"Title","Year","DOI","Link","ISSN","ISBN","CODEN"
"6G IoV Networks Driven by RF Digital Twin Modeling","2024","10.1109/TITS.2023.3292533","https://www.scopus.com/inward/record.uri?eid=2-s2.0-85167795331&doi=10.1109%2fTITS.2023.3292533&partnerID=40&md5=10c42fb2353e09761fe51f34bbf8edb0","15249050","",""
"Quality of AI Service Assurance in 6G Native Artificial Intelligence Networks","2024","10.1109/SDPC62810.2024.10707758","https://www.scopus.com/inward/record.uri?eid=2-s2.0-85208139816&doi=10.1109%2fSDPC62810.2024.10707758&partnerID=40&md5=561249d446c97f48b286e5c2f727ad40","","979-835038885-5",""
"Optimal Resource Allocation for AGIN 6G: A Learning-Based Three-Sided Matching Approach","2024","10.1109/TNSE.2023.3325356","https://www.scopus.com/inward/record.uri?eid=2-s2.0-85174842133&doi=10.1109%2fTNSE.2023.3325356&partnerID=40&md5=912c660395fa3c40b08f45e3b20ea34f","23274697","",""
"Advanced channel coding schemes for B5G/6G networks: State-of-the-art analysis, research challenges and future directions","2024","10.1002/dac.5855","https://www.scopus.com/inward/record.uri?eid=2-s2.0-85194755203&doi=10.1002%2fdac.5855&partnerID=40&md5=2764817aa11671bea50bdae87e4a3e3a","10745351","","IJCYE"
"Intent-based AI system in packet-optical networks towards 6G [Invited]","2024","10.1364/JOCN.514890","https://www.scopus.com/inward/record.uri?eid=2-s2.0-85190094875&doi=10.1364%2fJOCN.514890&partnerID=40&md5=b8bc8fabbc0b611171ba8c28c1ffadcd","19430620","",""
"Towards 6G Technology: Insights into Resource Management for Cloud RAN Deployment","2024","10.3390/iot5020020","https://www.scopus.com/inward/record.uri?eid=2-s2.0-85197104602&doi=10.3390%2fiot5020020&partnerID=40&md5=006a2501c5833bd696589111ef0fbe7b","2624831X","",""
"Performance Evaluation of ML-Based Classifiers for IRS-Aided NOMA-Based 6G Cognitive Radio Networks","2024","10.1007/s11277-024-11726-8","https://www.scopus.com/inward/record.uri?eid=2-s2.0-85213322250&doi=10.1007%2fs11277-024-11726-8&partnerID=40&md5=7d0d271921ba341a42e89ee631417b90","09296212","","WPCOF"
"Deep Learning Based Advanced Estimation of Wireless Channels State Information for 6G Communication","2024","10.1109/RAEEUCCI61380.2024.10547841","https://www.scopus.com/inward/record.uri?eid=2-s2.0-85196740922&doi=10.1109%2fRAEEUCCI61380.2024.10547841&partnerID=40&md5=68cb53f3ce0329977d278242f0663c2b","","979-835035453-9",""
"DRL-based customised resource allocation for sub-slices in 6G network slicing","2024","10.1002/ett.5016","https://www.scopus.com/inward/record.uri?eid=2-s2.0-85197303402&doi=10.1002%2fett.5016&partnerID=40&md5=e90fd80b2d19ec1474838a104b090dcf","21613915","",""
"Multiagent deep reinforcement learning based Energy efficient resource management scheme for RIS assisted D2D users in 6G-aided smart cities environment","2025","10.1016/j.aej.2024.12.004","https://www.scopus.com/inward/record.uri?eid=2-s2.0-85214303826&doi=10.1016%2fj.aej.2024.12.004&partnerID=40&md5=b6727a5fb9cff54eb60cbc0aa5d9f496","11100168","",""
"Explainable and Robust Artificial Intelligence for Trustworthy Resource Management in 6G Networks","2024","10.1109/MCOM.001.2300172","https://www.scopus.com/inward/record.uri?eid=2-s2.0-85176335424&doi=10.1109%2fMCOM.001.2300172&partnerID=40&md5=29973ff8740959fee16f804eacf1dc42","01636804","","ICOMD"
"Blockchain-Based Secure 5G/6G Communication for Internet of Things Devices in Consumer Electronic Systems","2024","10.1109/TCE.2024.3454299","https://www.scopus.com/inward/record.uri?eid=2-s2.0-85205144737&doi=10.1109%2fTCE.2024.3454299&partnerID=40&md5=3bb805fb4081e0ba817650a6a7fede50","00983063","","ITCED"
"Joint Optimization Algorithm of Training Delay and Energy Efficiency for Wireless Large-Scale Distributed Machine Learning Combined With Blockchain for 6G Networks","2024","10.1109/JIOT.2024.3418463","https://www.scopus.com/inward/record.uri?eid=2-s2.0-85197078588&doi=10.1109%2fJIOT.2024.3418463&partnerID=40&md5=31a636d38317816bb1a7f0cf044bb606","23274662","",""
"How to Allocate Resources in Cloud-Native Networks Towards 6G","2024","10.1109/MNET002.2300017","https://www.scopus.com/inward/record.uri?eid=2-s2.0-85159848247&doi=10.1109%2fMNET002.2300017&partnerID=40&md5=e0c3ae5732936065d370f2380dcb43aa","08908044","","IENEE"
"A detailed reinforcement learning framework for resource allocation in non-orthogonal multiple access enabled-B5G/6G networks","2024","10.1049/ntw2.12131","https://www.scopus.com/inward/record.uri?eid=2-s2.0-85201004733&doi=10.1049%2fntw2.12131&partnerID=40&md5=278abcc00bb7f33687535110c4e7e69d","20474954","",""
"AI-Powered Optimization: Revolutionizing 6G Networks for Efficiency and Performance","2024","10.1109/ICSTSN61422.2024.10670928","https://www.scopus.com/inward/record.uri?eid=2-s2.0-85205294395&doi=10.1109%2fICSTSN61422.2024.10670928&partnerID=40&md5=f6a62e1e87e11e79a25c829d83844b90","","979-835039156-5",""
"Dynamic Activation Digital Predistortion of RF Power Amplifiers for 6G Dynamic Spectrum Aggregation Applications","2024","10.1109/TMTT.2023.3318732","https://www.scopus.com/inward/record.uri?eid=2-s2.0-85174844840&doi=10.1109%2fTMTT.2023.3318732&partnerID=40&md5=1b919dbb4504b87536824ea12280ae57","00189480","","IETMA"
"Multi-agent Cross-domain Traffic Engineering for Diverse Service Requirements in 6G Networks","2024","10.1109/ICCC62479.2024.10681865","https://www.scopus.com/inward/record.uri?eid=2-s2.0-85206454821&doi=10.1109%2fICCC62479.2024.10681865&partnerID=40&md5=35709ad72f5e84d6d65979ba81837449","","979-835037841-2",""
"Resource allocation scheduling scheme for task migration and offloading in 6G Cybertwin internet of vehicles based on DRL","2024","10.1049/cmu2.12826","https://www.scopus.com/inward/record.uri?eid=2-s2.0-85203167847&doi=10.1049%2fcmu2.12826&partnerID=40&md5=51331a28e7a833342f9c2fbeab7d0dbb","17518628","",""
"Task Offloading Optimization in Digital Twin Assisted MEC-Enabled Air-Ground IIoT 6G Networks","2024","10.1109/TVT.2024.3420876","https://www.scopus.com/inward/record.uri?eid=2-s2.0-85197510892&doi=10.1109%2fTVT.2024.3420876&partnerID=40&md5=deec145919d89f1040ec8bdac2950ade","00189545","","ITVTA"
"Machine learning-assisted interference management in the 6G UAV networks with soft frequency reuse","2024","10.1201/9781003303114-9","https://www.scopus.com/inward/record.uri?eid=2-s2.0-85192314643&doi=10.1201%2f9781003303114-9&partnerID=40&md5=a04fa080e4480ca274d91b68835359d0","","978-100330311-4; 978-103230021-4",""
"Smart radio access selection and slice allocation for differentiated traffic management over 6G heterogeneous networks","2024","10.1145/3625468.3652915","https://www.scopus.com/inward/record.uri?eid=2-s2.0-85192009938&doi=10.1145%2f3625468.3652915&partnerID=40&md5=295deaefdd95a4e7da3114c14c423f10","","979-840070412-3",""
"RL-Based Adaptive UAV Swarm Formation and Clustering for Secure 6G Wireless Communications in Dynamic Dense Environments","2024","10.1109/ACCESS.2024.3455250","https://www.scopus.com/inward/record.uri?eid=2-s2.0-85203558481&doi=10.1109%2fACCESS.2024.3455250&partnerID=40&md5=f311e6cc5384cc280283e8536b62eee6","21693536","",""
"AIaaS for ORAN-based 6G Networks: Multi-time Scale Slice Resource Management with DRL","2024","10.1109/ICC51166.2024.10622601","https://www.scopus.com/inward/record.uri?eid=2-s2.0-85202856993&doi=10.1109%2fICC51166.2024.10622601&partnerID=40&md5=9b5a6adb96f6091b6ccefdbd4f839bf6","15503607","978-172819054-9",""
"Intent-Driven Closed-Loop Control and Management Framework for 6G Open RAN","2024","10.1109/JIOT.2023.3312795","https://www.scopus.com/inward/record.uri?eid=2-s2.0-85171592629&doi=10.1109%2fJIOT.2023.3312795&partnerID=40&md5=6e6bc2e476892da6bf4f0301929a3aa9","23274662","",""
"Channel Estimation for Reconfigurable Intelligent Surface-aided 6G NOMA Systems using CNN-based Quantum LSTM Model","2024","10.1109/VTC2024-Fall63153.2024.10757552","https://www.scopus.com/inward/record.uri?eid=2-s2.0-85213037034&doi=10.1109%2fVTC2024-Fall63153.2024.10757552&partnerID=40&md5=9fc29937819543c39a2679ca0da7ffe1","15502252","979-833151778-6","IVTCD"
"An Innovative Way of Resource Allocation Methods in 6G Networks in Cybertown Healthcare Systems with Fuzzy Neuro Models","2024","10.1109/ISTEMS60181.2024.10560141","https://www.scopus.com/inward/record.uri?eid=2-s2.0-85197911177&doi=10.1109%2fISTEMS60181.2024.10560141&partnerID=40&md5=ec4fa682a143274c9e693aebc10372c5","","979-835038424-6",""
"UAV based device to device communication for 5G/6G networks using optimized deep learning models","2024","10.1007/s11276-023-03578-0","https://www.scopus.com/inward/record.uri?eid=2-s2.0-85177775223&doi=10.1007%2fs11276-023-03578-0&partnerID=40&md5=ec67681bafec9e35e43719ccae8899ad","10220038","","WINEF"
"Multiagent Deep Deterministic Policy Gradient-Based Computation Offloading and Resource Allocation for ISAC-Aided 6G V2X Networks","2024","10.1109/JIOT.2024.3432728","https://www.scopus.com/inward/record.uri?eid=2-s2.0-85199513630&doi=10.1109%2fJIOT.2024.3432728&partnerID=40&md5=2fae06adc4749179622ed4195cee9ccb","23274662","",""
"Emerging Technologies for 6G Non-Terrestrial-Networks: From Academia to Industrial Applications","2024","10.1109/OJCOMS.2024.3418574","https://www.scopus.com/inward/record.uri?eid=2-s2.0-85197021995&doi=10.1109%2fOJCOMS.2024.3418574&partnerID=40&md5=06d626d12e7163fa04ae8768356f1c73","2644125X","",""
"DRL-Based Resource Allocation and Trajectory Planning for NOMA-Enabled Multi-UAV Collaborative Caching 6G Network","2024","10.1109/TVT.2024.3357086","https://www.scopus.com/inward/record.uri?eid=2-s2.0-85183993740&doi=10.1109%2fTVT.2024.3357086&partnerID=40&md5=6c251da7aaa8ef9556f28f7b953bac95","00189545","","ITVTA"
"Edge Computation Offloading With Content Caching in 6G-Enabled IoV","2024","10.1109/TITS.2023.3239599","https://www.scopus.com/inward/record.uri?eid=2-s2.0-85148445603&doi=10.1109%2fTITS.2023.3239599&partnerID=40&md5=8cb11521086cf83e2d6c3decf427203b","15249050","",""
"AI-Driven Multi-Factor Authentication and Dynamic Trust Management for Securing Massive Machine Type Communication in 6G Networks","2024","","https://www.scopus.com/inward/record.uri?eid=2-s2.0-85173751890&partnerID=40&md5=c846c27f0b91f01a1f5cdb4db833408b","21476799","",""
"Real-Time Bayesian Neural Networks for 6G Cooperative Positioning and Tracking","2024","10.1109/JSAC.2024.3413950","https://www.scopus.com/inward/record.uri?eid=2-s2.0-85202193372&doi=10.1109%2fJSAC.2024.3413950&partnerID=40&md5=9764fcd569ddcb179094f0b256cdc90d","07338716","","ISACE"
"Algorithm for Resource Allocation and Computing Offloading in 6G Networks: Deep Reinforcement Learning-based","2024","10.1109/ICOM61675.2024.10652281","https://www.scopus.com/inward/record.uri?eid=2-s2.0-85204301148&doi=10.1109%2fICOM61675.2024.10652281&partnerID=40&md5=49e864effe00709517908515b0b335f8","","979-835034978-8",""
"AI-Enabled Priority and Auction-Based Spectrum Management for 6G","2024","10.1109/WCNC57260.2024.10570588","https://www.scopus.com/inward/record.uri?eid=2-s2.0-85198857023&doi=10.1109%2fWCNC57260.2024.10570588&partnerID=40&md5=a74728b066fd17186a4ca5b66cbed1bf","15253511","979-835030358-2",""
"Advanced Machine Learning-Powered Tunable Optical Signal Processor for Precise Chromatic Dispersion Compensation in Analog B5G/6G Mobile Fronthaul Networks","2024","10.1117/12.3017029","https://www.scopus.com/inward/record.uri?eid=2-s2.0-85200236716&doi=10.1117%2f12.3017029&partnerID=40&md5=06cd91c242f2f7b5bdb7ba36e3bfcafa","0277786X","978-151067352-6","PSISD"
"Distributed Intelligence for Dynamic Task Migration in the 6G User Plane using Deep Reinforcement Learning","2024","10.1109/NOMS59830.2024.10575830","https://www.scopus.com/inward/record.uri?eid=2-s2.0-85198349358&doi=10.1109%2fNOMS59830.2024.10575830&partnerID=40&md5=23daf6676817af3dd5c7b3fa94f337ec","","979-835032793-9",""
"Influence of AI and MAS in Enhancing Energy Efficiency of 6G Communications","2024","10.1109/IC3SE62002.2024.10593501","https://www.scopus.com/inward/record.uri?eid=2-s2.0-85200669828&doi=10.1109%2fIC3SE62002.2024.10593501&partnerID=40&md5=c59593acace1abda7c86718765f8adec","","979-835036684-6",""
"Network-Aided Intelligent Traffic Steering in 6G O-RAN: A Multi-Layer Optimization Framework","2024","10.1109/JSAC.2023.3336183","https://www.scopus.com/inward/record.uri?eid=2-s2.0-85179063499&doi=10.1109%2fJSAC.2023.3336183&partnerID=40&md5=03ddce5c7e2ea5f69fa348df724df896","07338716","","ISACE"
"Intelligible Protocol Learning for Resource Allocation in 6G O-RAN Slicing","2024","10.1109/MWC.015.2300552","https://www.scopus.com/inward/record.uri?eid=2-s2.0-85204314315&doi=10.1109%2fMWC.015.2300552&partnerID=40&md5=56c5d58f81f89287926043add3eb6cba","15361284","","IWCEA"
"AI-Driven Integration of Sensing and Communication in the 6G Era","2024","10.1109/MNET.2023.3326064","https://www.scopus.com/inward/record.uri?eid=2-s2.0-85176340079&doi=10.1109%2fMNET.2023.3326064&partnerID=40&md5=f7780ba9cd08de136d72621acc6cfa28","08908044","","IENEE"
"Blockchain 6G-Based Wireless Network Security Management with Optimization Using Machine Learning Techniques","2024","10.3390/s24186143","https://www.scopus.com/inward/record.uri?eid=2-s2.0-85205248033&doi=10.3390%2fs24186143&partnerID=40&md5=1945eeefeb9745b80cea88f050e6b0be","14248220","",""
"ORIENT: A Priority-Aware Energy-Efficient Approach for Latency-Sensitive Applications in 6G","2024","10.1109/ICC51166.2024.10622533","https://www.scopus.com/inward/record.uri?eid=2-s2.0-85202797864&doi=10.1109%2fICC51166.2024.10622533&partnerID=40&md5=eca22dd006378af3ba3be751940e3ec3","15503607","978-172819054-9",""
"Distributed Intelligence for Automated 6G Network Management Using Reinforcement Learning","2024","10.1109/NOMS59830.2024.10575318","https://www.scopus.com/inward/record.uri?eid=2-s2.0-85198382658&doi=10.1109%2fNOMS59830.2024.10575318&partnerID=40&md5=95167bf75ed10e99c743ccdcc7139e47","","979-835032793-9",""
"Efficient Dynamic Distributed Resource Slicing in 6G Multi-Access Edge Computing Networks With Online ADMM and Message Passing Graph Neural Networks","2024","10.1109/TMC.2023.3262514","https://www.scopus.com/inward/record.uri?eid=2-s2.0-85151489034&doi=10.1109%2fTMC.2023.3262514&partnerID=40&md5=d0887c290fad85edd09950a4beff25ee","15361233","",""
"Dynamic Neural Network-Based Resource Management for Mobile Edge Computing in 6G Networks","2024","10.1109/TCCN.2023.3346824","https://www.scopus.com/inward/record.uri?eid=2-s2.0-85181554394&doi=10.1109%2fTCCN.2023.3346824&partnerID=40&md5=5507039175841c7f86a1c3cb4fff6042","23327731","",""
"Deep Reinforcement Learning Explores EH-RIS for Spectrum-Efficient Drone Communication in 6G","2024","10.1049/2024/9548468","https://www.scopus.com/inward/record.uri?eid=2-s2.0-85210076772&doi=10.1049%2f2024%2f9548468&partnerID=40&md5=c45e47fe71061013c8f249790484103a","17519675","",""
"Resource Allocation with Graph Neural Networks-Multi Agent Reinforcement Learning for 6G HetNets","2024","10.1016/j.procs.2024.08.006","https://www.scopus.com/inward/record.uri?eid=2-s2.0-85204305217&doi=10.1016%2fj.procs.2024.08.006&partnerID=40&md5=88960e45363089d95920c505c4056ff0","18770509","",""
"Promoting Deployment of Innovative Use Cases in Market Verticals for the Support of 6G Evolution: The 6G-PATH Context","2024","10.1007/978-3-031-63227-3_11","https://www.scopus.com/inward/record.uri?eid=2-s2.0-85199193345&doi=10.1007%2f978-3-031-63227-3_11&partnerID=40&md5=c80d65128b7ebf70c8777f28bc47aed5","18684238","978-303163226-6",""
"Advanced Deep Learning Models for 6G: Overview, Opportunities, and Challenges","2024","10.1109/ACCESS.2024.3418900","https://www.scopus.com/inward/record.uri?eid=2-s2.0-85197070055&doi=10.1109%2fACCESS.2024.3418900&partnerID=40&md5=aea121f9548f02276ea379547177771a","21693536","",""
"Intelligent Network Slicing for B5G and 6G: Resource Allocation, Service Provisioning, and Security","2024","10.1109/MWC.021.2200589","https://www.scopus.com/inward/record.uri?eid=2-s2.0-85196671509&doi=10.1109%2fMWC.021.2200589&partnerID=40&md5=f6641d6fe53dde33942fa2f04416e8db","15361284","","IWCEA"
"What-if Analysis Framework for Digital Twins in 6G Wireless Network Management","2024","10.1109/IWCMC61514.2024.10592526","https://www.scopus.com/inward/record.uri?eid=2-s2.0-85199976659&doi=10.1109%2fIWCMC61514.2024.10592526&partnerID=40&md5=e8644bc1ac3bb14e0aa6ffc053a69c47","","979-835036126-1",""
"Designing the Network Intelligence Stratum for 6G networks","2024","10.1016/j.comnet.2024.110780","https://www.scopus.com/inward/record.uri?eid=2-s2.0-85203518802&doi=10.1016%2fj.comnet.2024.110780&partnerID=40&md5=3fb37141633aaacf99570b1bb5c5a434","13891286","","CNETD"
"An Intelligent Scheme for Energy-Efficient Uplink Resource Allocation with QoS Constraints in 6G Networks","2024","10.1109/TNSM.2024.3482549","https://www.scopus.com/inward/record.uri?eid=2-s2.0-85207348931&doi=10.1109%2fTNSM.2024.3482549&partnerID=40&md5=39710d30e677e388fb1b56dc6fe2a456","19324537","",""
"A Development of Dynamic End-To-End Slicing Network Along with the Offline SLA-Method Integrated with Deep Learning for 5G/6G Networks","2024","10.1109/ISTEMS60181.2024.10560180","https://www.scopus.com/inward/record.uri?eid=2-s2.0-85197882865&doi=10.1109%2fISTEMS60181.2024.10560180&partnerID=40&md5=f01c9bbc86d63619047ff164684a051b","","979-835038424-6",""
"FeDRL-D2D: Federated Deep Reinforcement Learning-Empowered Resource Allocation Scheme for Energy Efficiency Maximization in D2D-Assisted 6G Networks","2024","10.1109/ACCESS.2024.3434619","https://www.scopus.com/inward/record.uri?eid=2-s2.0-85200204076&doi=10.1109%2fACCESS.2024.3434619&partnerID=40&md5=21a6ae9394dda2406ddd4d04d825e14c","21693536","",""
"The Role of AI Enablers in Overcoming Impairments in 6G Networks","2024","10.1109/EuCNC/6GSummit60053.2024.10597102","https://www.scopus.com/inward/record.uri?eid=2-s2.0-85199875040&doi=10.1109%2fEuCNC%2f6GSummit60053.2024.10597102&partnerID=40&md5=0b398ebf39cb5aea76bf34ac82b4f8e8","","979-835034499-8",""
"Hybrid optimization for efficient 6G IoT traffic management and multi-routing strategy","2024","10.1038/s41598-024-81709-z","https://www.scopus.com/inward/record.uri?eid=2-s2.0-85213509382&doi=10.1038%2fs41598-024-81709-z&partnerID=40&md5=859b9bcf72dda30ad76c96981248813b","20452322","",""
"A Tutorial on Fluid Antenna System for 6G Networks: Encompassing Communication Theory, Optimization Methods and Hardware Designs","2024","10.1109/COMST.2024.3498855","https://www.scopus.com/inward/record.uri?eid=2-s2.0-85209735944&doi=10.1109%2fCOMST.2024.3498855&partnerID=40&md5=5c3d4687d653ee1fced903f7bbd6e891","1553877X","",""
"Deep Reinforcement Learning for Integrated Sensing and Communication in RIS-Assisted 6G V2X System","2024","10.1109/JIOT.2024.3449969","https://www.scopus.com/inward/record.uri?eid=2-s2.0-85202760261&doi=10.1109%2fJIOT.2024.3449969&partnerID=40&md5=113415d48459ff912b7e2419cca6cce7","23274662","",""
"Deep Reinforcement Learning-Based Computation Offloading for Mobile Edge Computing in 6G","2024","10.1109/TCE.2024.3436824","https://www.scopus.com/inward/record.uri?eid=2-s2.0-85200239722&doi=10.1109%2fTCE.2024.3436824&partnerID=40&md5=5cade9336e2a32a260298bfb122b94ff","00983063","","ITCED"
"Satellite-Based ITS Data Offloading & Computation in 6G Networks: A Cooperative Multi-Agent Proximal Policy Optimization DRL With Attention Approach","2024","10.1109/TMC.2023.3300314","https://www.scopus.com/inward/record.uri?eid=2-s2.0-85166772430&doi=10.1109%2fTMC.2023.3300314&partnerID=40&md5=fbf59323130c4d3eacda5ba7ef837df7","15361233","",""
"A Multi-Level Deep RL-Based Network Slicing and Resource Management for O-RAN-Based 6G Cell-Free Networks","2024","10.1109/TVT.2024.3415656","https://www.scopus.com/inward/record.uri?eid=2-s2.0-85196501905&doi=10.1109%2fTVT.2024.3415656&partnerID=40&md5=aa8a04256872f2e928be12861cc28558","00189545","","ITVTA"
"Deep-Learning-Based Resource Allocation for 6G NOMA-Assisted Backscatter Communications","2024","10.1109/JIOT.2024.3424728","https://www.scopus.com/inward/record.uri?eid=2-s2.0-85197522790&doi=10.1109%2fJIOT.2024.3424728&partnerID=40&md5=10d48dd67bb00d4ecd7653c9076234a0","23274662","",""
"Knowledge-Collaboration-Based Resource Allocation in 6G IoT: A Graph Attention RL Approach","2024","10.1109/JIOT.2024.3416054","https://www.scopus.com/inward/record.uri?eid=2-s2.0-85196555022&doi=10.1109%2fJIOT.2024.3416054&partnerID=40&md5=63042177d7d6725c6d7bf3538edc0802","23274662","",""
"Intelligent Hierarchical NOMA-Based Network Slicing in Cell-Free RAN for 6G Systems","2024","10.1109/TWC.2023.3321717","https://www.scopus.com/inward/record.uri?eid=2-s2.0-85174836348&doi=10.1109%2fTWC.2023.3321717&partnerID=40&md5=0a275c2505252698a0708868c99d2efd","15361276","",""
"Energy-Efficient Resource Allocation in LEO-assisted Open RAN architecture towards 6G","2024","10.1109/BMSB62888.2024.10608373","https://www.scopus.com/inward/record.uri?eid=2-s2.0-85201548668&doi=10.1109%2fBMSB62888.2024.10608373&partnerID=40&md5=9d830c473e420f619947da28594ff1b1","21555044","979-835036426-2",""
"TADocs: Teacher–Assistant Distillation for Improved Policy Transfer in 6G RAN Slicing","2024","10.3390/math12182934","https://www.scopus.com/inward/record.uri?eid=2-s2.0-85205106766&doi=10.3390%2fmath12182934&partnerID=40&md5=aef70440a25c7524b4e9190dbe1ba8f3","22277390","",""
"Blockchain-Empowered Multi-Domain Resource Trading in TN-NTN 6G Networks: A Hierarchical Multi-Agent DRL Approach","2024","10.1109/TCE.2024.3512581","https://www.scopus.com/inward/record.uri?eid=2-s2.0-85212054283&doi=10.1109%2fTCE.2024.3512581&partnerID=40&md5=e116aeeb8725b206d9487ea0ae8b4b72","00983063","","ITCED"
"A Reliable Zero-Trust Network for Task Offloading in Vehicular Systems Using an Asynchronous Federated Learning Approach in 6G","2024","10.1145/3672200.3673877","https://www.scopus.com/inward/record.uri?eid=2-s2.0-85202887351&doi=10.1145%2f3672200.3673877&partnerID=40&md5=113025e1bc7c0b4226dfd647e971e5f9","","979-840070715-5",""
"Deploying AI-Based Applications with Serverless Computing in 6G Networks: An Experimental Study","2024","10.1109/VTC2024-Fall63153.2024.10757855","https://www.scopus.com/inward/record.uri?eid=2-s2.0-85213047742&doi=10.1109%2fVTC2024-Fall63153.2024.10757855&partnerID=40&md5=5951d375f2a29572b1faf78a397a29d8","15502252","979-833151778-6","IVTCD"
"Moving Target Defense (MTD) for 6G Edge-to-Cloud Continuum: A Cognitive Perspective","2024","10.1109/MNET.2024.3483302","https://www.scopus.com/inward/record.uri?eid=2-s2.0-85207464610&doi=10.1109%2fMNET.2024.3483302&partnerID=40&md5=f572a4926979989ee8c5eb5bf0111bc3","08908044","","IENEE"
"Machine learning RNNs, SVM and NN Algorithm for Massive-MIMO-OTFS 6G Waveform with Rician and Rayleigh channel","2024","10.1016/j.eij.2024.100531","https://www.scopus.com/inward/record.uri?eid=2-s2.0-85202928680&doi=10.1016%2fj.eij.2024.100531&partnerID=40&md5=b2af2c6fd109e1fc4d50665581fc3d66","11108665","",""
"Energy Maximization for Wireless Powered Communication Enabled IoT Devices With NOMA Underlaying Solar Powered UAV Using Federated Reinforcement Learning for 6G Networks","2024","10.1109/TCE.2024.3357125","https://www.scopus.com/inward/record.uri?eid=2-s2.0-85183943073&doi=10.1109%2fTCE.2024.3357125&partnerID=40&md5=6c5bdd39bca256918b0389432168839e","00983063","","ITCED"
"Optimizing network slicing in 6G networks through a hybrid deep learning strategy","2024","10.1007/s11227-024-06238-y","https://www.scopus.com/inward/record.uri?eid=2-s2.0-85194917680&doi=10.1007%2fs11227-024-06238-y&partnerID=40&md5=0cbe2405f605c7b4aca17a219f8ac7bf","09208542","","JOSUE"
"Joint Task Offloading, Resource Allocation and Model Placement for AI as a Service in 6G Network","2024","10.1109/TSC.2024.3451170","https://www.scopus.com/inward/record.uri?eid=2-s2.0-85202776995&doi=10.1109%2fTSC.2024.3451170&partnerID=40&md5=53cb2653f14fac8ee9ff9ff224e0d43e","19391374","",""
"Efficient Cross-Frequency Beam Prediction in 6G Wireless Using Time Series Data","2024","10.1109/ISNCC62547.2024.10759051","https://www.scopus.com/inward/record.uri?eid=2-s2.0-85212199355&doi=10.1109%2fISNCC62547.2024.10759051&partnerID=40&md5=6bde964dea79293da8b9aeef4e5ebf36","","979-835036491-0",""
"Federated Deep Reinforcement Learning-Based Intelligent Surface Configuration in 6G Secure Airport Networks","2024","10.1109/TITS.2024.3463189","https://www.scopus.com/inward/record.uri?eid=2-s2.0-85207629819&doi=10.1109%2fTITS.2024.3463189&partnerID=40&md5=66b3ab2f36b2874773d03cd841fc49f6","15249050","",""
"Artificial intelligence and machine learning algorithms for 5g and 6g","2024","","https://www.scopus.com/inward/record.uri?eid=2-s2.0-85202003640&partnerID=40&md5=225eeea528c4ed5e8c10bb1f209bc601","","979-889113910-7",""
"Intelligent Energy Management across Smart Grids Deploying 6G IoT, AI, and Blockchain in Sustainable Smart Cities","2024","10.3390/iot5030025","https://www.scopus.com/inward/record.uri?eid=2-s2.0-85205078882&doi=10.3390%2fiot5030025&partnerID=40&md5=1e665477d94361559782036f6d37ab8f","2624831X","",""
"Fast Best Beam Prediction and Overhead Reduction for 6G Networks: A Deep Learning Approach","2024","10.1109/VTC2024-Spring62846.2024.10683207","https://www.scopus.com/inward/record.uri?eid=2-s2.0-85206174220&doi=10.1109%2fVTC2024-Spring62846.2024.10683207&partnerID=40&md5=e614287ac5ed7d457f0c4c77e8d4bf17","15502252","979-835038741-4","IVTCD"
"Toward Massive Distribution of Intelligence for 6G Network Management Using Double Deep Q-Networks","2024","10.1109/TNSM.2023.3333875","https://www.scopus.com/inward/record.uri?eid=2-s2.0-85178012137&doi=10.1109%2fTNSM.2023.3333875&partnerID=40&md5=c88fc638d92d191e83d935f585b69206","19324537","",""
"On Combining XAI and LLMs for Trustworthy Zero-Touch Network and Service Management in 6G","2024","10.1109/MCOM.002.2400276","https://www.scopus.com/inward/record.uri?eid=2-s2.0-85209130678&doi=10.1109%2fMCOM.002.2400276&partnerID=40&md5=ad138e2d50295d1ce3cc3f62af295073","01636804","","ICOMD"
"Optimization for 6G Wireless Communications with Heterogeneous VR and Non-VR 360-Degree Videos: A Differentiated Reinforcement Learning Approach","2024","10.1109/TWC.2024.3409669","https://www.scopus.com/inward/record.uri?eid=2-s2.0-85197646340&doi=10.1109%2fTWC.2024.3409669&partnerID=40&md5=0d81774e9841ccc44f4f0956923b746a","15361276","",""
"Interference Detection of 6G MIMO LANs using Deep Learning","2024","10.1109/ICMLCN59089.2024.10624949","https://www.scopus.com/inward/record.uri?eid=2-s2.0-85202449422&doi=10.1109%2fICMLCN59089.2024.10624949&partnerID=40&md5=4c2344dd5eb7aa668c0d5d231eb2de20","","979-835034319-9",""
"Hierarchical Aerial Computing for Task Offloading and Resource Allocation in 6G-Enabled Vehicular Networks","2024","10.1109/TNSE.2024.3391382","https://www.scopus.com/inward/record.uri?eid=2-s2.0-85193244954&doi=10.1109%2fTNSE.2024.3391382&partnerID=40&md5=f21c3e4f5a49ac867c3084c2956eb5ec","23274697","",""
"Design of an AI-driven Network Digital Twin for advanced 5G-6G network management","2024","10.1109/NOMS59830.2024.10575106","https://www.scopus.com/inward/record.uri?eid=2-s2.0-85198397675&doi=10.1109%2fNOMS59830.2024.10575106&partnerID=40&md5=b503ab92c753404484567ec4a8899276","","979-835032793-9",""
"Self-supervised Contrastive Learning for 6G UM-MIMO THz Communications: Improving Robustness under Imperfect CSI","2024","10.1109/ICCWorkshops59551.2024.10615313","https://www.scopus.com/inward/record.uri?eid=2-s2.0-85202452711&doi=10.1109%2fICCWorkshops59551.2024.10615313&partnerID=40&md5=a3bfbbc557bc098cfafc2a73171f0250","","979-835030405-3",""
"Parallel Attention-Based Transformer for Channel Estimation in RIS-Aided 6G Wireless Communications","2024","10.1109/TVT.2024.3425433","https://www.scopus.com/inward/record.uri?eid=2-s2.0-85198298099&doi=10.1109%2fTVT.2024.3425433&partnerID=40&md5=11f0099aa22c1f293301140330720d81","00189545","","ITVTA"
"Enhancing 6G network security: GANs for pilot contamination attack detection in massive MIMO systems","2024","10.1016/j.aeue.2023.155075","https://www.scopus.com/inward/record.uri?eid=2-s2.0-85180538459&doi=10.1016%2fj.aeue.2023.155075&partnerID=40&md5=2f55b2a8210f431940f1fbc367f8e36a","14348411","",""
"Sustainable Resource Allocation and Base Station Optimization Using Hybrid Deep Learning Models in 6G Wireless Networks","2024","10.3390/su16177253","https://www.scopus.com/inward/record.uri?eid=2-s2.0-85203966329&doi=10.3390%2fsu16177253&partnerID=40&md5=d2af18726d87b5b472403c71102bc425","20711050","",""
"AI-Assisted E2E Network Slicing for Integrated Sensing and Communication in 6G Networks","2024","10.1109/JIOT.2023.3326761","https://www.scopus.com/inward/record.uri?eid=2-s2.0-85176288170&doi=10.1109%2fJIOT.2023.3326761&partnerID=40&md5=1380153932ecc66ca7cd0414ab031b86","23274662","",""
"SUSTAINABLE NETWORKING IN 6G INTEGRATING ENERGY-EFFICIENT EDGE COMPUTING AND SENSING","2024","","https://www.scopus.com/inward/record.uri?eid=2-s2.0-85199611111&partnerID=40&md5=644b9353208bf133f05507f51ed4a594","13115065","",""
"6G-enabled Situation-Aware ML-assisted UTM (6G-SAMU)","2024","10.1109/IWCMC61514.2024.10592449","https://www.scopus.com/inward/record.uri?eid=2-s2.0-85200008056&doi=10.1109%2fIWCMC61514.2024.10592449&partnerID=40&md5=24817de2ee64f35519e1367c50e4a26e","","979-835036126-1",""
"Optimizing data transmission in 6G software defined networks using deep reinforcement learning for next generation of virtual environments","2024","10.1038/s41598-024-75575-y","https://www.scopus.com/inward/record.uri?eid=2-s2.0-85207986991&doi=10.1038%2fs41598-024-75575-y&partnerID=40&md5=7f2e25353d7422628c74528b01f4c672","20452322","",""
"Traffic Control in 6G-Mobile Internet of Things Using Recurrent Neural Networks and Fuzzy Logic","2024","10.1109/ICSCC62041.2024.10690801","https://www.scopus.com/inward/record.uri?eid=2-s2.0-85207521675&doi=10.1109%2fICSCC62041.2024.10690801&partnerID=40&md5=9510b651a76628b762807e2eda067886","","979-835036310-4",""
"An Intelligent Hierarchical Caching and Asynchronous Updating Scheme for 6G Non-Terrestrial Networks","2024","10.1109/WCNC57260.2024.10571311","https://www.scopus.com/inward/record.uri?eid=2-s2.0-85198845414&doi=10.1109%2fWCNC57260.2024.10571311&partnerID=40&md5=297156274c6fcebb9c31a58ca52b602f","15253511","979-835030358-2",""
"Intelligent Road Network Management Supported by 6G and Deep Reinforcement Learning","2024","10.1109/TITS.2024.3451193","https://www.scopus.com/inward/record.uri?eid=2-s2.0-85204973002&doi=10.1109%2fTITS.2024.3451193&partnerID=40&md5=7461291e34d47e992dad9f723d8e1740","15249050","",""
"Leveraging LLMs to eXplain DRL Decisions for Transparent 6G Network Slicing","2024","10.1109/NetSoft60951.2024.10588921","https://www.scopus.com/inward/record.uri?eid=2-s2.0-85199516705&doi=10.1109%2fNetSoft60951.2024.10588921&partnerID=40&md5=ebe7f87140ee5cc432af5b2ad7e34992","","979-835036958-8",""
"Reinforcement Learning (RL) for optimal power allocation in 6G Network","2023","10.1109/OTCON56053.2023.10113929","https://www.scopus.com/inward/record.uri?eid=2-s2.0-85159772917&doi=10.1109%2fOTCON56053.2023.10113929&partnerID=40&md5=923d96dfdb2cbe3d7b707e745ff1f6c6","","978-166549294-2",""
"Inverse Reinforcement Learning to Enhance Physical Layer Security in 6G RIS-Assisted Connected Cars","2024","10.1007/978-3-031-53728-8_4","https://www.scopus.com/inward/record.uri?eid=2-s2.0-85186268869&doi=10.1007%2f978-3-031-53728-8_4&partnerID=40&md5=409495346a99358ba0059a5d15c4a59f","18650929","978-303153727-1",""
"Deep Learning Based Energy, Spectrum, and SINR-Margin Tradeoff Enabled Resource Allocation Strategies for 6G","2024","10.1109/ACCESS.2024.3404473","https://www.scopus.com/inward/record.uri?eid=2-s2.0-85194104059&doi=10.1109%2fACCESS.2024.3404473&partnerID=40&md5=5e938bf295098404840b0d1d5fb01c8a","21693536","",""
"Beyond REM: A New Approach to the Use of Image Classifiers for the Management of 6G Networks","2023","10.3390/s23177494","https://www.scopus.com/inward/record.uri?eid=2-s2.0-85170346691&doi=10.3390%2fs23177494&partnerID=40&md5=7adda633f099904d3848e184c57437f3","14248220","",""
"Federated Deep Reinforcement Learning for Open RAN Slicing in 6G Networks","2023","10.1109/MCOM.007.2200555","https://www.scopus.com/inward/record.uri?eid=2-s2.0-85146237437&doi=10.1109%2fMCOM.007.2200555&partnerID=40&md5=b1aea8c1374ac2e38e66bc106e297205","01636804","","ICOMD"
"Multi-Agent Deep Reinforcement Learning for Digital Twin over 6G Wireless Communication in the Metaverse","2023","10.1109/INFOCOMWKSHPS57453.2023.10225766","https://www.scopus.com/inward/record.uri?eid=2-s2.0-85164545616&doi=10.1109%2fINFOCOMWKSHPS57453.2023.10225766&partnerID=40&md5=4daff69c4c75feedbccf2ed3bd7797d0","","978-166549427-4",""
"A Novel Approach for Scalable and Sustainable 6G Networks","2024","10.1109/OJCOMS.2024.3372426","https://www.scopus.com/inward/record.uri?eid=2-s2.0-85186964508&doi=10.1109%2fOJCOMS.2024.3372426&partnerID=40&md5=fb1ea04cfcf226927246ee8df27b0198","2644125X","",""
"Machine Learning-Based Channel Quality Prediction in 6G Mobile Networks","2023","10.1109/MCOM.001.2200305","https://www.scopus.com/inward/record.uri?eid=2-s2.0-85166732755&doi=10.1109%2fMCOM.001.2200305&partnerID=40&md5=3dd4eaafb79c674eaca36558f170161b","01636804","","ICOMD"
"Deep Reciprocity Calibration for TDD mmWave Massive MIMO Systems Toward 6G","2024","10.1109/TWC.2024.3400616","https://www.scopus.com/inward/record.uri?eid=2-s2.0-85194045265&doi=10.1109%2fTWC.2024.3400616&partnerID=40&md5=0ad794ccd2c3b59b6abd573846ca3d61","15361276","",""
"Intelligent Energy-Efficiency Trajectory Planning of Heterogeneous Air Base Stations for 6G Emergency Communication","2023","10.1109/ICCCWorkshops57813.2023.10233750","https://www.scopus.com/inward/record.uri?eid=2-s2.0-85172421617&doi=10.1109%2fICCCWorkshops57813.2023.10233750&partnerID=40&md5=eeaf84ab3a7e8be2c0cd182c9de0277d","","979-835034540-7",""
"Energy-Efficient AI Models for 6G Base Station","2023","10.1007/978-3-031-50327-6_14","https://www.scopus.com/inward/record.uri?eid=2-s2.0-85180543922&doi=10.1007%2f978-3-031-50327-6_14&partnerID=40&md5=0028feda1d374477ad14c5c75ae60af6","23673370","978-303150326-9",""
"Toward Reinforcement-Learning-Based Intelligent Network Control in 6G Networks","2023","10.1109/MNET.003.2200641","https://www.scopus.com/inward/record.uri?eid=2-s2.0-85176283219&doi=10.1109%2fMNET.003.2200641&partnerID=40&md5=79edaf0126c2b11c9e4c29316cf5c9cf","08908044","","IENEE"
"Multiagent Reinforcement Learning-Based Cooperative Multitype Task Offloading Strategy for Internet of Vehicles in B5G/6G Network","2023","10.1109/JIOT.2023.3245721","https://www.scopus.com/inward/record.uri?eid=2-s2.0-85149387253&doi=10.1109%2fJIOT.2023.3245721&partnerID=40&md5=78c47391cac7c6ed5fd8ef540436b9ef","23274662","",""
"Implicit Channel Learning For Machine Learning Applications In 6G Wireless Networks","2023","10.1109/ICASSPW59220.2023.10193569","https://www.scopus.com/inward/record.uri?eid=2-s2.0-85168252215&doi=10.1109%2fICASSPW59220.2023.10193569&partnerID=40&md5=70a3fd94990e99876439295793c5f822","","979-835030261-5",""
"A GAN-GRU Based Space-Time Predictive Channel Model for 6G Wireless Communications","2024","10.1109/TVT.2024.3367386","https://www.scopus.com/inward/record.uri?eid=2-s2.0-85187349882&doi=10.1109%2fTVT.2024.3367386&partnerID=40&md5=5d44a264d2c9f9f385a5bbf37a121c9a","00189545","","ITVTA"
"Implementation and Evaluation of a Federated Learning Framework on Raspberry PI Platforms for IoT 6G Applications","2023","10.3390/fi15110358","https://www.scopus.com/inward/record.uri?eid=2-s2.0-85178265420&doi=10.3390%2ffi15110358&partnerID=40&md5=eb80fb3fd3387b66bc29843a692939e1","19995903","",""
"Machine Learning for 6G Enhanced Ultra-Reliable and Low-Latency Services","2023","10.1109/MWC.006.2200407","https://www.scopus.com/inward/record.uri?eid=2-s2.0-85156089018&doi=10.1109%2fMWC.006.2200407&partnerID=40&md5=8f33e562de7ff79fbda208314beddf69","15361284","","IWCEA"
"Advancing Federated Learning in 6G: A Trusted Architecture with Graph-Based Analysis","2023","10.1109/GLOBECOM54140.2023.10436772","https://www.scopus.com/inward/record.uri?eid=2-s2.0-85187357930&doi=10.1109%2fGLOBECOM54140.2023.10436772&partnerID=40&md5=985b9ae06fb45f892d9204760b00126b","23340983","979-835031090-0",""
"Active-IRS-Enabled Energy-Efficiency Optimizations for UAV-Based 6G Mobile Wireless Networks","2023","10.1109/CISS56502.2023.10089767","https://www.scopus.com/inward/record.uri?eid=2-s2.0-85154027047&doi=10.1109%2fCISS56502.2023.10089767&partnerID=40&md5=da936ce6e4c68a1cc05fd6fe9da1b68c","","978-166545181-9",""
"CAIN: An energy-aware and intelligent increasing coverage area routing protocol for future 6G networks","2023","10.1016/j.comnet.2023.109733","https://www.scopus.com/inward/record.uri?eid=2-s2.0-85152101735&doi=10.1016%2fj.comnet.2023.109733&partnerID=40&md5=dcbda24800889aeca764f8dd46d894b6","13891286","","CNETD"
"Autonomous Network Management in Multi-Domain 6G Networks based on Graph Neural Networks","2023","10.1109/NetSoft57336.2023.10175480","https://www.scopus.com/inward/record.uri?eid=2-s2.0-85166475599&doi=10.1109%2fNetSoft57336.2023.10175480&partnerID=40&md5=992206b01f9365fce17d1450ecdb0b90","","979-835039980-6",""
"Federated Learning for Intelligent Transmission with Space-Air-Ground Integrated Network toward 6G","2023","10.1109/MNET.104.2100615","https://www.scopus.com/inward/record.uri?eid=2-s2.0-85135740175&doi=10.1109%2fMNET.104.2100615&partnerID=40&md5=aa9f90c0ad35ebbbd8f38f556b65d6d2","08908044","","IENEE"
"Intelligent and Stable Resource Allocation for Delay-Sensitive MEC in 6G Networks","2023","10.1109/ISCC58397.2023.10218070","https://www.scopus.com/inward/record.uri?eid=2-s2.0-85171989014&doi=10.1109%2fISCC58397.2023.10218070&partnerID=40&md5=743b147dd3a1c2ec5f86a0f81fbf949a","15301346","979-835030048-2",""
"Distributed Channel Allocation for Mobile 6G Subnetworks via Multi-Agent Deep Q-Learning","2023","10.1109/WCNC55385.2023.10118710","https://www.scopus.com/inward/record.uri?eid=2-s2.0-85159778597&doi=10.1109%2fWCNC55385.2023.10118710&partnerID=40&md5=c95391fa56c7ced261d06d591e991e78","15253511","978-166549122-8",""
"Multi-Process Federated Learning With Stacking for Securing 6G-V2X Network Slicing at Cross-Borders","2024","10.1109/TITS.2024.3367388","https://www.scopus.com/inward/record.uri?eid=2-s2.0-85187006638&doi=10.1109%2fTITS.2024.3367388&partnerID=40&md5=1d0cfde5bfa21cd1ddf205745245fded","15249050","",""
"Explanation-Guided Deep Reinforcement Learning for Trustworthy 6G RAN Slicing","2023","10.1109/ICCWorkshops57953.2023.10283684","https://www.scopus.com/inward/record.uri?eid=2-s2.0-85177827905&doi=10.1109%2fICCWorkshops57953.2023.10283684&partnerID=40&md5=7ca73a0337f7b0dd85708983152e914e","","979-835033307-7",""
"Wireless Sensor Networks and Green Networking for 6G communication- An Overview","2023","10.1109/CICTN57981.2023.10141262","https://www.scopus.com/inward/record.uri?eid=2-s2.0-85163175134&doi=10.1109%2fCICTN57981.2023.10141262&partnerID=40&md5=fb50ef83d306d016d946bcf36652e9d6","","979-835033802-7",""
"On the Specialization of FDRL Agents for Scalable and Distributed 6G RAN Slicing Orchestration","2023","10.1109/TVT.2022.3218158","https://www.scopus.com/inward/record.uri?eid=2-s2.0-85141636939&doi=10.1109%2fTVT.2022.3218158&partnerID=40&md5=435c2aa5324b97244c5b26aaced9bcc9","00189545","","ITVTA"
"The Hexa-X Project Vision on Artificial Intelligence and Machine Learning-Driven Communication and Computation Co-Design for 6G","2023","10.1109/ACCESS.2023.3287939","https://www.scopus.com/inward/record.uri?eid=2-s2.0-85162908507&doi=10.1109%2fACCESS.2023.3287939&partnerID=40&md5=7280d87fe0a290e4236b489a4d219d64","21693536","",""
"Accelerating Reinforcement Learning via Predictive Policy Transfer in 6G RAN Slicing","2023","10.1109/TNSM.2023.3258692","https://www.scopus.com/inward/record.uri?eid=2-s2.0-85164223042&doi=10.1109%2fTNSM.2023.3258692&partnerID=40&md5=9c7517b120ae48c91549b928c8dddb5a","19324537","",""
"SCHEMA III: Dynamic & Scalable VNE Framework Based on Multi-Agent RL for 5G/6G Networks","2023","10.1109/GLOBECOM54140.2023.10436920","https://www.scopus.com/inward/record.uri?eid=2-s2.0-85187314096&doi=10.1109%2fGLOBECOM54140.2023.10436920&partnerID=40&md5=51eba8cf26fbf4378ea665f8a0a80a50","23340983","979-835031090-0",""
"Distributing Intelligence for 6G Network Automation: Performance and Architectural Impact","2023","10.1109/ICC45041.2023.10279655","https://www.scopus.com/inward/record.uri?eid=2-s2.0-85178262801&doi=10.1109%2fICC45041.2023.10279655&partnerID=40&md5=e806d255fcb9e748b60a634b46764b96","15503607","978-153867462-8",""
"Energy-Efficient Communication Protocols for 6G Wireless Sensor Network","2024","10.1109/ICNWC60771.2024.10537356","https://www.scopus.com/inward/record.uri?eid=2-s2.0-85195368959&doi=10.1109%2fICNWC60771.2024.10537356&partnerID=40&md5=3cad55d68a02066f3414862577220999","","979-835036526-9",""
"Machine Learning Empowered Emerging Wireless Networks in 6G: Recent Advancements, Challenges and Future Trends","2023","10.1109/ACCESS.2023.3302250","https://www.scopus.com/inward/record.uri?eid=2-s2.0-85166765847&doi=10.1109%2fACCESS.2023.3302250&partnerID=40&md5=ed6029e18f97816de0469cd789ea7390","21693536","",""
"The Cost of Learning: Efficiency vs. Efficacy of Learning-Based RRM for 6G","2023","10.1109/ICC45041.2023.10279135","https://www.scopus.com/inward/record.uri?eid=2-s2.0-85165169914&doi=10.1109%2fICC45041.2023.10279135&partnerID=40&md5=90f45976124d2ed78951f741d4b93047","15503607","978-153867462-8",""
"Power Control for 6G Industrial Wireless Subnetworks: A Graph Neural Network Approach","2023","10.1109/WCNC55385.2023.10118984","https://www.scopus.com/inward/record.uri?eid=2-s2.0-85159789381&doi=10.1109%2fWCNC55385.2023.10118984&partnerID=40&md5=a068553c4d07025771ba27a2727cabd8","15253511","978-166549122-8",""
"Swarm Learning-Based Dynamic Optimal Management for Traffic Congestion in 6G-Driven Intelligent Transportation System","2023","10.1109/TITS.2023.3234444","https://www.scopus.com/inward/record.uri?eid=2-s2.0-85147266919&doi=10.1109%2fTITS.2023.3234444&partnerID=40&md5=a1c38dd60dc5d40338adb52dddd9c0bb","15249050","",""
"Collaborative Energy-Efficient Routing Protocol for Sustainable Communication in 5G/6G Wireless Sensor Networks","2023","10.1109/OJCOMS.2023.3312155","https://www.scopus.com/inward/record.uri?eid=2-s2.0-85171587894&doi=10.1109%2fOJCOMS.2023.3312155&partnerID=40&md5=61a73435fc5113c7584e676f0d5db877","2644125X","",""
"A Network Optimized 3D Intercom Approach For UAV Communication Using 6G Network","2023","10.1109/iTechSECOM59882.2023.10434993","https://www.scopus.com/inward/record.uri?eid=2-s2.0-85186684954&doi=10.1109%2fiTechSECOM59882.2023.10434993&partnerID=40&md5=deb829597f429da4ef544067f799a5c7","","979-835037118-5",""
"D-RAN: A DRL-Based Demand-Driven Elastic User-Centric RAN Optimization for 6G & Beyond","2023","10.1109/TCCN.2022.3217785","https://www.scopus.com/inward/record.uri?eid=2-s2.0-85141470077&doi=10.1109%2fTCCN.2022.3217785&partnerID=40&md5=1326b0a165ba5d7748c4f7e66b0e2e1b","23327731","",""
"Study on Zero-Trust Architecture, Application Areas & Challenges of 6G Technology in Future","2023","10.1109/ICDT57929.2023.10150745","https://www.scopus.com/inward/record.uri?eid=2-s2.0-85164612755&doi=10.1109%2fICDT57929.2023.10150745&partnerID=40&md5=11c03fcc40f9c057b85067aeabb641f6","","979-835032388-7",""
"Mobile Edge Computing and AI Enabled Web3 Metaverse over 6G Wireless Communications: A Deep Reinforcement Learning Approach","2023","10.1109/VTC2023-Spring57618.2023.10199534","https://www.scopus.com/inward/record.uri?eid=2-s2.0-85169836118&doi=10.1109%2fVTC2023-Spring57618.2023.10199534&partnerID=40&md5=8427776737ad86e904e9f580cd6f2c85","15502252","979-835031114-3","IVTCD"
"Support Vector Machine (SVM) to Predict Risk Factors in the 6G Cyber Digital Transformation Process of Enterprises","2024","10.1007/s11277-024-11020-7","https://www.scopus.com/inward/record.uri?eid=2-s2.0-85191458952&doi=10.1007%2fs11277-024-11020-7&partnerID=40&md5=700943a069878f7bee8354da88b56eec","09296212","","WPCOF"
"Deep Reinforcement Learning-Based Intelligent Task Offloading and Dynamic Resource Allocation in 6G Smart City","2023","10.1109/ISCC58397.2023.10218299","https://www.scopus.com/inward/record.uri?eid=2-s2.0-85172030011&doi=10.1109%2fISCC58397.2023.10218299&partnerID=40&md5=3668996defa4d65e12418fb6901eb63a","15301346","979-835030048-2",""
"Decomposition Based Interference Management Framework for Local 6G Networks","2023","10.1109/GCWkshps58843.2023.10464770","https://www.scopus.com/inward/record.uri?eid=2-s2.0-85190284762&doi=10.1109%2fGCWkshps58843.2023.10464770&partnerID=40&md5=3d7f0caaf66c541b96c526afda57723a","","979-835037021-8",""
"Energy-efficient Resource Allocation for the 6G Computing Network Based on Deep Reinforcement Learning","2023","10.1109/ICCWorkshops57953.2023.10283482","https://www.scopus.com/inward/record.uri?eid=2-s2.0-85177870686&doi=10.1109%2fICCWorkshops57953.2023.10283482&partnerID=40&md5=90d64b972ff35cb2debdbf9970ec55de","","979-835033307-7",""
"Beyond Complexity Limits: Machine Learning for Sidelink-Assisted mmWave Multicasting in 6G","2024","10.1109/TBC.2024.3382959","https://www.scopus.com/inward/record.uri?eid=2-s2.0-85192207528&doi=10.1109%2fTBC.2024.3382959&partnerID=40&md5=1d79220c88c5137d9a519dcde838bf28","00189316","","IETBA"
"Multimodal semantic communication accelerated bidirectional caching for 6G MEC","2023","10.1016/j.future.2022.10.036","https://www.scopus.com/inward/record.uri?eid=2-s2.0-85141754834&doi=10.1016%2fj.future.2022.10.036&partnerID=40&md5=c50d91b88546158c69e84c934d5bb7c4","0167739X","","FGCSE"
"On A Deep Reinforcement Learning-Based Content Caching Strategy in 6G Space-Air-Ground Integrated Networks","2023","10.1109/ICCSN57992.2023.10297332","https://www.scopus.com/inward/record.uri?eid=2-s2.0-85179008864&doi=10.1109%2fICCSN57992.2023.10297332&partnerID=40&md5=fcc1fd8aa0b953412837af29270ba7e3","","979-835032936-0",""
"An Efficient 6G Federated Learning-enabled Energy-Efficient Scheme for UAV Deployment","2024","10.1109/TVT.2024.3390226","https://www.scopus.com/inward/record.uri?eid=2-s2.0-85190716111&doi=10.1109%2fTVT.2024.3390226&partnerID=40&md5=1809de1e1c330f970268b79ed811835d","00189545","","ITVTA"
"SliceOps: Explainable MLOps for Streamlined Automation-Native 6G Networks","2024","10.1109/MWC.007.2300144","https://www.scopus.com/inward/record.uri?eid=2-s2.0-85188739082&doi=10.1109%2fMWC.007.2300144&partnerID=40&md5=f37dba19c6fb85d55bba26581fdf5ec8","15361284","","IWCEA"
"AI-RAN in 6G Networks: State-of-the-Art and Challenges","2024","10.1109/OJCOMS.2023.3343069","https://www.scopus.com/inward/record.uri?eid=2-s2.0-85180331834&doi=10.1109%2fOJCOMS.2023.3343069&partnerID=40&md5=259acde01090f744ac2ebcb4b36eba36","2644125X","",""
"Federated Reinforcement Learning-Based Resource Allocation in D2D-Enabled 6G","2023","10.1109/MNET.122.2200102","https://www.scopus.com/inward/record.uri?eid=2-s2.0-85137907608&doi=10.1109%2fMNET.122.2200102&partnerID=40&md5=e177aa7aff2736fcf5a7cd197ab62173","08908044","","IENEE"
"A Novel Multiple Role Evaluation Fusion-Based Trust Management Framework in Blockchain-Enabled 6G Network","2023","10.3390/s23156751","https://www.scopus.com/inward/record.uri?eid=2-s2.0-85167771601&doi=10.3390%2fs23156751&partnerID=40&md5=fce0e88cbf945b6cab5a9e3b6f17119f","14248220","",""
"Multi-Agent Reinforcement Learning for Dynamic Resource Management in 6G in-X Subnetworks","2023","10.1109/TWC.2022.3207918","https://www.scopus.com/inward/record.uri?eid=2-s2.0-85139502837&doi=10.1109%2fTWC.2022.3207918&partnerID=40&md5=e9f567ae55316c9e5e0f2f150928db14","15361276","",""
"A DRL Enhanced Caching Based on Age of Information for 6G Mobile Edge Computation","2023","10.1109/BMSB58369.2023.10211109","https://www.scopus.com/inward/record.uri?eid=2-s2.0-85169423130&doi=10.1109%2fBMSB58369.2023.10211109&partnerID=40&md5=15ba75b01e5696d23da1838b784e924e","21555044","979-835032152-4",""
"Deep Predictive User Path-Inclusive Service Mobility in B5G/6G Edge Clouds","2024","10.1109/IMCOM60618.2024.10418308","https://www.scopus.com/inward/record.uri?eid=2-s2.0-85186141615&doi=10.1109%2fIMCOM60618.2024.10418308&partnerID=40&md5=472a8957b2164b80b0d525e3cd0a4b78","","979-835033101-1",""
"AI-Driven and MEC-Empowered Confident Information Coverage Hole Recovery in 6G-Enabled IoT","2023","10.1109/TNSE.2022.3154760","https://www.scopus.com/inward/record.uri?eid=2-s2.0-85125752056&doi=10.1109%2fTNSE.2022.3154760&partnerID=40&md5=735c8c815ae5122aae5ff73cef5013fc","23274697","",""
"Opportunistic capacity based resource allocation for 6G wireless systems with network slicing","2023","10.1016/j.future.2022.10.032","https://www.scopus.com/inward/record.uri?eid=2-s2.0-85142185340&doi=10.1016%2fj.future.2022.10.032&partnerID=40&md5=1f13a8b112748b64098c681078cbf585","0167739X","","FGCSE"
"A Deep Reinforcement Learning based Routing Scheme for LEO Satellite Networks in 6G","2023","10.1109/WCNC55385.2023.10118680","https://www.scopus.com/inward/record.uri?eid=2-s2.0-85159781662&doi=10.1109%2fWCNC55385.2023.10118680&partnerID=40&md5=ec0db2bf9ff031c55d34190508c0a8e0","15253511","978-166549122-8",""
"Bandit-Based Learning-Aided Full-Duplex/Half-Duplex Mode Selection in 6G Cooperative Relay Networks","2024","10.1109/OJCOMS.2024.3370476","https://www.scopus.com/inward/record.uri?eid=2-s2.0-85187000836&doi=10.1109%2fOJCOMS.2024.3370476&partnerID=40&md5=bd274097dcb34243b7d3c392d17b0e0c","2644125X","",""
"Enabling Programmable Deterministic Communications in 6G","2023","10.1145/3565287.3617607","https://www.scopus.com/inward/record.uri?eid=2-s2.0-85176108807&doi=10.1145%2f3565287.3617607&partnerID=40&md5=d96d3cd451ed59fa9003bda68488fbc9","","978-145039926-5",""
"Efficient resource management in 6G communication networks using hybrid quantum deep learning model","2023","10.1016/j.compeleceng.2022.108565","https://www.scopus.com/inward/record.uri?eid=2-s2.0-85145781455&doi=10.1016%2fj.compeleceng.2022.108565&partnerID=40&md5=f65cdd827b6993a3d1f59490c91f7fca","00457906","","CPEEB"
"Digital Twin-Empowered Resource Allocation for 6G-Enabled Massive IoT","2023","10.1109/ICCWorkshops57953.2023.10283649","https://www.scopus.com/inward/record.uri?eid=2-s2.0-85177861475&doi=10.1109%2fICCWorkshops57953.2023.10283649&partnerID=40&md5=757f8b2f548a82b52adc76da2fda38cb","","979-835033307-7",""
"6G wireless communication assisted security management using cloud edge computing","2023","10.1111/exsy.13061","https://www.scopus.com/inward/record.uri?eid=2-s2.0-85132145739&doi=10.1111%2fexsy.13061&partnerID=40&md5=45b999500b1a3d724f509fbae98b1071","02664720","","EXSYE"
"5G, 6G, and Beyond: Recent advances and future challenges","2023","10.1007/s12243-022-00938-3","https://www.scopus.com/inward/record.uri?eid=2-s2.0-85146614813&doi=10.1007%2fs12243-022-00938-3&partnerID=40&md5=4821c1a98ee991b0b959c67182c116cb","00034347","","ANTEA"
"Advancing 6G Network Performance: AI/ML Framework for Proactive Management and Dynamic Optimal Routing","2024","10.1109/OJCS.2024.3398540","https://www.scopus.com/inward/record.uri?eid=2-s2.0-85192989142&doi=10.1109%2fOJCS.2024.3398540&partnerID=40&md5=80a59a7b64642d1e1e2c5362df2bba34","26441268","",""
"An island detection approach in 6G paradigm for an active distribution network – A future perspective for next generation smart grids","2023","10.1016/j.compeleceng.2023.108932","https://www.scopus.com/inward/record.uri?eid=2-s2.0-85169810525&doi=10.1016%2fj.compeleceng.2023.108932&partnerID=40&md5=9e0aca79907ab390e681fc7ac88f9955","00457906","","CPEEB"
"Empowering Traffic Steering in 6G Open RAN With Deep Reinforcement Learning","2024","10.1109/TWC.2024.3396273","https://www.scopus.com/inward/record.uri?eid=2-s2.0-85192753399&doi=10.1109%2fTWC.2024.3396273&partnerID=40&md5=b1d60ef0f772918f4cc735dc0626b926","15361276","",""
"Sustainable Service-Oriented RAN Slicing for AI-Native 6G Networks","2023","10.23919/WiOpt58741.2023.10349874","https://www.scopus.com/inward/record.uri?eid=2-s2.0-85184663801&doi=10.23919%2fWiOpt58741.2023.10349874&partnerID=40&md5=b010edd115c4c990debd4ca881ebf893","26903334","978-390317655-3",""
"Reinforcement Learning Based Resource Management for 6G-Enabled mIoT with Hypergraph Interference Model","2024","10.1109/TCOMM.2024.3372892","https://www.scopus.com/inward/record.uri?eid=2-s2.0-85187371149&doi=10.1109%2fTCOMM.2024.3372892&partnerID=40&md5=2460c77ec569f3fdf1016c589de1e0bb","00906778","","IECMB"
"Leveraging neuro-inspired AI accelerator for high-speed computing in 6G networks","2024","10.3389/fncom.2024.1345644","https://www.scopus.com/inward/record.uri?eid=2-s2.0-85186579507&doi=10.3389%2ffncom.2024.1345644&partnerID=40&md5=74c35e5632c2282e6eae86987ab4c760","16625188","",""
"Federated Reinforcement Learning-Based Resource Allocation for D2D-Aided Digital Twin Edge Networks in 6G Industrial IoT","2023","10.1109/TII.2022.3227655","https://www.scopus.com/inward/record.uri?eid=2-s2.0-85144780262&doi=10.1109%2fTII.2022.3227655&partnerID=40&md5=aaf8e5216c6cc8d25d732e4581b3b574","15513203","",""
"Implementation of Network Physical Traffic Estimation Model Using 6G Intelligent Traffic Monitoring and Estimation","2024","10.1007/s11277-024-11154-8","https://www.scopus.com/inward/record.uri?eid=2-s2.0-85193299319&doi=10.1007%2fs11277-024-11154-8&partnerID=40&md5=c5891fd0d043eac388bc9ac6bf975417","09296212","","WPCOF"
"Machine Learning-Aided Real-Time Optimized Multibeam for 6G Integrated Satellite-Terrestrial Networks: Global Coverage for Mobile Services","2023","10.1109/MNET.003.2200275","https://www.scopus.com/inward/record.uri?eid=2-s2.0-85172417068&doi=10.1109%2fMNET.003.2200275&partnerID=40&md5=102af315a525ed9042a372988bf3a1b4","08908044","","IENEE"
"Resource Allocation Based on Radio Intelligence Controller for Open RAN Toward 6G","2023","10.1109/ACCESS.2023.3311888","https://www.scopus.com/inward/record.uri?eid=2-s2.0-85171526174&doi=10.1109%2fACCESS.2023.3311888&partnerID=40&md5=1cb3166cebab495cd287446f21c5bcb8","21693536","",""
"Load-Balanced Virtual Network Embedding Based on Deep Reinforcement Learning for 6G Regional Satellite Networks","2023","10.1109/TVT.2023.3279625","https://www.scopus.com/inward/record.uri?eid=2-s2.0-85161072798&doi=10.1109%2fTVT.2023.3279625&partnerID=40&md5=e2dbeaf724221095a2c22cbbbe5cb83c","00189545","","ITVTA"
"Quantum Deep Reinforcement Learning for 6G Mobile Edge Computing-based IoT Systems","2023","10.1109/IWCMC58020.2023.10183020","https://www.scopus.com/inward/record.uri?eid=2-s2.0-85167722095&doi=10.1109%2fIWCMC58020.2023.10183020&partnerID=40&md5=4dd7f0b3a56a020b530e65591a530805","","979-835033339-8",""
"Orchestration Procedures for the Network Intelligence Stratum in 6G Networks","2023","10.1109/EuCNC/6GSummit58263.2023.10188297","https://www.scopus.com/inward/record.uri?eid=2-s2.0-85168427259&doi=10.1109%2fEuCNC%2f6GSummit58263.2023.10188297&partnerID=40&md5=c8661186372ff952699172d9b34b3693","","979-835031102-0",""
"Edge Intelligence-Driven Joint Offloading and Resource Allocation for Future 6G Industrial Internet of Things","2024","10.1109/TNSE.2022.3141728","https://www.scopus.com/inward/record.uri?eid=2-s2.0-85123272508&doi=10.1109%2fTNSE.2022.3141728&partnerID=40&md5=86e1d49e05408f3c920d61488c9d8007","23274697","",""
"Research on Optimizing 6G Data-Driven Decision-Making Using Wireless Cyber Enterprise Innovation Process Using Decision Tree Algorithm","2024","10.1007/s11277-024-11018-1","https://www.scopus.com/inward/record.uri?eid=2-s2.0-85191097534&doi=10.1007%2fs11277-024-11018-1&partnerID=40&md5=cad3eaa8e98cc20b4d925aed363a5793","09296212","","WPCOF"
"ADAPTIVE6G: Adaptive Resource Management for Network Slicing Architectures in Current 5G and Future 6G Systems","2023","10.1007/s10922-022-09693-1","https://www.scopus.com/inward/record.uri?eid=2-s2.0-85139864991&doi=10.1007%2fs10922-022-09693-1&partnerID=40&md5=5e19b90fc20a0c3ae6cde7f37a31ccc0","10647570","","JNSME"
"Digital Twin and DRL-Driven Semantic Dissemination for 6G Autonomous Driving Service","2023","10.1109/GLOBECOM54140.2023.10437455","https://www.scopus.com/inward/record.uri?eid=2-s2.0-85187358818&doi=10.1109%2fGLOBECOM54140.2023.10437455&partnerID=40&md5=47bb4640effe46ec6b964929b2576b23","23340983","979-835031090-0",""
"Learning-Aided Demand-Driven Elastic Architecture for 6G & beyond","2023","10.1109/VTC2023-Spring57618.2023.10200531","https://www.scopus.com/inward/record.uri?eid=2-s2.0-85169779289&doi=10.1109%2fVTC2023-Spring57618.2023.10200531&partnerID=40&md5=f11989bf47e599d588ea080db0e39579","15502252","979-835031114-3","IVTCD"
"Proximal Policy Optimization for RIS-assisted Full Duplex 6G-V2X Communications","2023","10.1109/TIV.2023.3275632","https://www.scopus.com/inward/record.uri?eid=2-s2.0-85162868401&doi=10.1109%2fTIV.2023.3275632&partnerID=40&md5=8d241dada588f21a348624af2eafa7de","23798858","",""
"6G+ Networks Through Enhanced Efficiency and Sustainability with MADDPG-Driven Network Slicing in SoS Environments","2024","10.1109/TGCN.2024.3404500","https://www.scopus.com/inward/record.uri?eid=2-s2.0-85194036066&doi=10.1109%2fTGCN.2024.3404500&partnerID=40&md5=23bfc7ee94edc0c7e36c00198f4f4a59","24732400","",""
"6G Mobile Networks: Key Technologies, Directions, and Advances","2023","10.3390/telecom4040037","https://www.scopus.com/inward/record.uri?eid=2-s2.0-85180674216&doi=10.3390%2ftelecom4040037&partnerID=40&md5=58fa5c797e2946823bc2cd4b51c15ef9","26734001","",""
"Creation of 6G Communication System for VANETs via a Neuro-Fuzzy Forwarder Selection Scheme","2024","10.1109/TSC.2023.3331730","https://www.scopus.com/inward/record.uri?eid=2-s2.0-85177059441&doi=10.1109%2fTSC.2023.3331730&partnerID=40&md5=b131668e0ecc5db07e74b46e6aef49ca","19391374","",""
"Energy-Efficient Multimedia Services with UAV-BS Intelligent Trajectory Planning for Emergency Communications in 6G Networks","2023","10.1109/BMSB58369.2023.10211146","https://www.scopus.com/inward/record.uri?eid=2-s2.0-85169459459&doi=10.1109%2fBMSB58369.2023.10211146&partnerID=40&md5=0ececef1cc4e383ec0d5ab3aa42969b4","21555044","979-835032152-4",""
"Channel Coding Toward 6G: Technical Overview and Outlook","2024","10.1109/OJCOMS.2024.3390000","https://www.scopus.com/inward/record.uri?eid=2-s2.0-85190733357&doi=10.1109%2fOJCOMS.2024.3390000&partnerID=40&md5=ce047ae722f29b4661ebd83250eee010","2644125X","",""
"NVM-Enhanced Machine Learning Inference in 6G Edge Computing","2024","10.1109/TNSE.2021.3109538","https://www.scopus.com/inward/record.uri?eid=2-s2.0-85114720004&doi=10.1109%2fTNSE.2021.3109538&partnerID=40&md5=cfc57ba983b051931c60be2a5b201ffc","23274697","",""
"Distributed Machine Learning and Native AI Enablers for End-to-End Resources Management in 6G","2023","10.3390/electronics12183761","https://www.scopus.com/inward/record.uri?eid=2-s2.0-85172931795&doi=10.3390%2felectronics12183761&partnerID=40&md5=b801002d4b1f1778d6cacf92bf2e69df","20799292","",""
"6G-Assisted UAV-Truck Networks: Toward Efficient Essential Services Delivery","2023","10.1109/MCOMSTD.0003.2200003","https://www.scopus.com/inward/record.uri?eid=2-s2.0-85175561675&doi=10.1109%2fMCOMSTD.0003.2200003&partnerID=40&md5=28485c4bd90a88c7a88ceb9e68c8a939","24712825","",""
"AI-Enabled Deployment Automation for 6G Space-Air-Ground Integrated Networks: Challenges, Design, and Outlook","2024","10.1109/MNET.2024.3368753","https://www.scopus.com/inward/record.uri?eid=2-s2.0-85186110646&doi=10.1109%2fMNET.2024.3368753&partnerID=40&md5=3162b0ca8d93cebf269f17c2f5c60bfb","08908044","","IENEE"
"Power allocation strategies for 6G communication in VL-NOMA systems: an overview","2023","10.1080/23080477.2023.2225944","https://www.scopus.com/inward/record.uri?eid=2-s2.0-85165184701&doi=10.1080%2f23080477.2023.2225944&partnerID=40&md5=1b8b4ffc131918e555d62431709fcfc9","23080477","",""
"Federated Deep Reinforcement Learning for Prediction-Based Network Slice Mobility in 6G Mobile Networks","2024","10.1109/TMC.2024.3404125","https://www.scopus.com/inward/record.uri?eid=2-s2.0-85194069193&doi=10.1109%2fTMC.2024.3404125&partnerID=40&md5=a34fd14eeee0f6aaf9f8ec3fe869c2ea","15361233","",""
"Multi-Dimensional Resource Orchestration Toward Edge Intelligence in 6G Networks","2023","10.1109/MCOM.005.2200905","https://www.scopus.com/inward/record.uri?eid=2-s2.0-85168270449&doi=10.1109%2fMCOM.005.2200905&partnerID=40&md5=678b764f9bdb7c0d7141acafc2eeb296","01636804","","ICOMD"
"Pareto Deterministic Policy Gradients and Its Application in 6G Networks","2024","10.1007/978-3-031-37920-8_23","https://www.scopus.com/inward/record.uri?eid=2-s2.0-85179883086&doi=10.1007%2f978-3-031-37920-8_23&partnerID=40&md5=2d5b5d8ca390041158a7e2e83c47bd05","18604862","",""
"SEEDRL: Smart Energy Efficiency Using Deep Reinforcement Learning for 6G Networks","2023","10.1109/GCWkshps58843.2023.10464558","https://www.scopus.com/inward/record.uri?eid=2-s2.0-85190245159&doi=10.1109%2fGCWkshps58843.2023.10464558&partnerID=40&md5=d95a4a65859e838b5f87efee83a77344","","979-835037021-8",""
"AI-Assisted Edge Computing for Multi-Tenant Management of Edge Devices in 6G Networks","2023","10.1109/6GNet58894.2023.10317735","https://www.scopus.com/inward/record.uri?eid=2-s2.0-85179757328&doi=10.1109%2f6GNet58894.2023.10317735&partnerID=40&md5=e1e634889342372547b90275f983db70","","979-835030673-6",""
"AI-Assisted Service Virtualization and Flow Management Framework for 6G-Enabled Cloud-Software-Defined Network-Based IoT","2022","10.1109/JIOT.2021.3077895","https://www.scopus.com/inward/record.uri?eid=2-s2.0-85105877729&doi=10.1109%2fJIOT.2021.3077895&partnerID=40&md5=43129fd01c36f2a536ed06340e8bb00c","23274662","",""
"TinyDRaGon: Lightweight Radio Channel Estimation for 6G Pervasive Intelligence","2022","10.1109/FNWF55208.2022.00121","https://www.scopus.com/inward/record.uri?eid=2-s2.0-85150270630&doi=10.1109%2fFNWF55208.2022.00121&partnerID=40&md5=aa2825fdddc48daaf98d36ce60572a58","","978-166546250-1",""
"Fast and accurate edge resource scaling for 5G/6G networks with distributed deep neural networks","2022","10.1109/WoWMoM54355.2022.00021","https://www.scopus.com/inward/record.uri?eid=2-s2.0-85137111451&doi=10.1109%2fWoWMoM54355.2022.00021&partnerID=40&md5=439d356321e0b5b583547b7e83ebd97b","","978-166540876-9",""
"Toward On-Device AI and Blockchain for 6G-Enabled Agricultural Supply Chain Management","2022","10.1109/IOTM.006.21000112","https://www.scopus.com/inward/record.uri?eid=2-s2.0-85144834942&doi=10.1109%2fIOTM.006.21000112&partnerID=40&md5=4c57fc1fe5d9f7a5e5e5eb555a6d030c","25763180","",""
"Network Slicing with Centralized and Distributed Reinforcement Learning for Combined Satellite/Ground Networks in a 6G Environment","2022","10.1109/MWC.001.2100287","https://www.scopus.com/inward/record.uri?eid=2-s2.0-85128551116&doi=10.1109%2fMWC.001.2100287&partnerID=40&md5=ca9bb29c43d93740ca5804774bd4a996","15361284","","IWCEA"
"Eco-Friendly Disaster Evacuation Framework for 6G Connected and Autonomous Vehicular Networks","2022","10.1109/TGCN.2022.3163764","https://www.scopus.com/inward/record.uri?eid=2-s2.0-85127471506&doi=10.1109%2fTGCN.2022.3163764&partnerID=40&md5=8ad56a7ebc4e7799f761f31afbdcfc03","24732400","",""
"Blockchain Based Spectrum Sharing over 6G Hybrid Cloud","2021","10.1109/IWCMC51323.2021.9498978","https://www.scopus.com/inward/record.uri?eid=2-s2.0-85125667503&doi=10.1109%2fIWCMC51323.2021.9498978&partnerID=40&md5=fed4cb77b8dcf0c7b6cb5a434c624277","","978-172818616-0",""
"Machine Learning for 6G Wireless Networks: Carrying Forward Enhanced Bandwidth, Massive Access, and Ultrareliable/Low-Latency Service","2020","10.1109/MVT.2020.3019650","https://www.scopus.com/inward/record.uri?eid=2-s2.0-85091891770&doi=10.1109%2fMVT.2020.3019650&partnerID=40&md5=11184809f5c54b21c4a2f571f39e1a1b","15566072","",""
"Beyond D2D: Full Dimension UAV-to-Everything Communications in 6G","2020","10.1109/TVT.2020.2984624","https://www.scopus.com/inward/record.uri?eid=2-s2.0-85087333673&doi=10.1109%2fTVT.2020.2984624&partnerID=40&md5=cda073f6f0ff27aebec13076f8678679","00189545","","ITVTA"
"Towards cooperative data rate prediction for future mobile and vehicular 6g networks","2020","10.1109/6GSUMMIT49458.2020.9083767","https://www.scopus.com/inward/record.uri?eid=2-s2.0-85086310949&doi=10.1109%2f6GSUMMIT49458.2020.9083767&partnerID=40&md5=3aff59f83c0f89411810cbd1a2f989c2","","978-172816047-4",""
"A novel Distributed AI framework with ML for D2D communication in 5G/6G networks","2022","10.1016/j.comnet.2022.108987","https://www.scopus.com/inward/record.uri?eid=2-s2.0-85129935577&doi=10.1016%2fj.comnet.2022.108987&partnerID=40&md5=adec9a06ac5dcdb091cabe07777c3241","13891286","","CNETD"
"Network Slicing using Deep Reinforcement Learning for Beyond 5G and 6G Systems","2022","10.1109/APWCS55727.2022.9906480","https://www.scopus.com/inward/record.uri?eid=2-s2.0-85141513866&doi=10.1109%2fAPWCS55727.2022.9906480&partnerID=40&md5=85dfdb90c30d0d6fa0b82e1fb01be99b","","978-166547121-3",""
"Joint Sensing and Communications for Deep Reinforcement Learning-based Beam Management in 6G","2022","10.1109/GLOBECOM48099.2022.10001317","https://www.scopus.com/inward/record.uri?eid=2-s2.0-85146920762&doi=10.1109%2fGLOBECOM48099.2022.10001317&partnerID=40&md5=ad4ba0832f360120792f58e19f5d7080","23340983","",""
"Channel Estimation for 6G V2X Hybrid Systems Using Multi-Vehicular Learning","2021","10.1109/ACCESS.2021.3095121","https://www.scopus.com/inward/record.uri?eid=2-s2.0-85110677862&doi=10.1109%2fACCESS.2021.3095121&partnerID=40&md5=d4f1a0016e48d95423fff098025a61fa","21693536","",""
"6G-Enabled Internet of Things: Vision, Techniques, and Open Issues","2022","10.32604/cmes.2022.021094","https://www.scopus.com/inward/record.uri?eid=2-s2.0-85136710447&doi=10.32604%2fcmes.2022.021094&partnerID=40&md5=9c5a56abdb5caa8eef267606530e72d2","15261492","",""
"Customized Slicing for 6G: Enforcing Artificial Intelligence on Resource Management","2021","10.1109/MNET.011.2000644","https://www.scopus.com/inward/record.uri?eid=2-s2.0-85103262310&doi=10.1109%2fMNET.011.2000644&partnerID=40&md5=694e01f0cd4601ab475250f90bacca4e","08908044","","IENEE"
"Balancing QoS and Security in the Edge: Existing Practices, Challenges, and 6G Opportunities with Machine Learning","2022","10.1109/COMST.2022.3191697","https://www.scopus.com/inward/record.uri?eid=2-s2.0-85135221791&doi=10.1109%2fCOMST.2022.3191697&partnerID=40&md5=5bf91d5e159593234cac73bee8ca571f","1553877X","",""
"Softwarized Resource Management and Allocation With Autonomous Awareness for 6G-Enabled Cooperative Intelligent Transportation Systems","2022","10.1109/TITS.2022.3209899","https://www.scopus.com/inward/record.uri?eid=2-s2.0-85141480294&doi=10.1109%2fTITS.2022.3209899&partnerID=40&md5=9bc43f6910b16b482e24d1cb7b10c34f","15249050","",""
"Deep-Learning-Based Intelligent Intervehicle Distance Control for 6G-Enabled Cooperative Autonomous Driving","2021","10.1109/JIOT.2020.3048050","https://www.scopus.com/inward/record.uri?eid=2-s2.0-85099102064&doi=10.1109%2fJIOT.2020.3048050&partnerID=40&md5=8d713b5474ae674537b5b0cb36e8d951","23274662","",""
"Differential Privacy and IRS Empowered Intelligent Energy Harvesting for 6G Internet of Things","2022","10.1109/JIOT.2021.3104833","https://www.scopus.com/inward/record.uri?eid=2-s2.0-85113193790&doi=10.1109%2fJIOT.2021.3104833&partnerID=40&md5=8bb06ab247d7a56a410adf1fa6ccd814","23274662","",""
"Deep Reinforcement Learning-Based Power Allocation for Rate-Splitting Multiple Access in 6G LEO Satellite Communication System","2022","10.1109/LWC.2022.3196408","https://www.scopus.com/inward/record.uri?eid=2-s2.0-85135750720&doi=10.1109%2fLWC.2022.3196408&partnerID=40&md5=88fa04fbae61d96fe649b4a4fd66e0c7","21622337","",""
"Artificial Intelligence for 6G Networks: Technology Advancement and Standardization","2022","10.1109/MVT.2022.3164758","https://www.scopus.com/inward/record.uri?eid=2-s2.0-85129396283&doi=10.1109%2fMVT.2022.3164758&partnerID=40&md5=3befdc7666c5924984b5c10e363d1e2d","15566072","",""
"Softwarized management of 6G network for green Internet of Things","2022","10.1016/j.comcom.2022.01.018","https://www.scopus.com/inward/record.uri?eid=2-s2.0-85126062451&doi=10.1016%2fj.comcom.2022.01.018&partnerID=40&md5=fd17d4494906da30337ba922d8fa35d7","01403664","","COCOD"
"ProSky: NEAT Meets NOMA-mmWave in the Sky of 6G","2022","10.1109/GCWkshps56602.2022.10008788","https://www.scopus.com/inward/record.uri?eid=2-s2.0-85146850344&doi=10.1109%2fGCWkshps56602.2022.10008788&partnerID=40&md5=1990d20123646ff3242b60905c63661c","","978-166545975-4",""
"A Collaborative Statistical Actor-Critic Learning Approach for 6G Network Slicing Control","2021","10.1109/GLOBECOM46510.2021.9685218","https://www.scopus.com/inward/record.uri?eid=2-s2.0-85184640822&doi=10.1109%2fGLOBECOM46510.2021.9685218&partnerID=40&md5=afddb31975ca5fc91bf7b3497cbd091c","23340983","",""
"SliceBlock: Context-Aware Authentication Handover and Secure Network Slicing Using DAG-Blockchain in Edge-Assisted SDN/NFV-6G Environment","2022","10.1109/JIOT.2022.3161838","https://www.scopus.com/inward/record.uri?eid=2-s2.0-85134157246&doi=10.1109%2fJIOT.2022.3161838&partnerID=40&md5=60ac1df59ddd7fb8668bd60a27d787eb","23274662","",""
"A flexible optical router architecture with modified fuzzy queue based router (FQBR) algorithm for 5G and 6G communication","2022","10.1007/s11082-022-04080-1","https://www.scopus.com/inward/record.uri?eid=2-s2.0-85137769622&doi=10.1007%2fs11082-022-04080-1&partnerID=40&md5=58b751e33bedffc606ce70143f0eb930","03068919","","OQELD"
"Position-agnostic Algebraic Estimation of 6G V2X MIMO Channels via Unsupervised Learning","2022","10.1109/WCNC51071.2022.9771914","https://www.scopus.com/inward/record.uri?eid=2-s2.0-85130684879&doi=10.1109%2fWCNC51071.2022.9771914&partnerID=40&md5=a451740a5cb64678aa83d9fb7371c067","15253511","978-166544266-4",""
"IRS-Empowered 6G Networks: Deployment Strategies, Performance Optimization, and Future Research Directions","2022","10.1109/ACCESS.2022.3220682","https://www.scopus.com/inward/record.uri?eid=2-s2.0-85141587387&doi=10.1109%2fACCESS.2022.3220682&partnerID=40&md5=1a75a19ab24555db5cc0bb1b6789df8f","21693536","",""
"Energy Efficient Device to Device Data Transmission Based on Deep Artificial Learning in 6G Networks","2022","10.22247/ijcna/2022/215917","https://www.scopus.com/inward/record.uri?eid=2-s2.0-85143117413&doi=10.22247%2fijcna%2f2022%2f215917&partnerID=40&md5=4080518e6472cbbc0c4f97ae90900e1a","23950455","",""
"Intelligent Content Caching Strategy in Autonomous Driving Toward 6G","2022","10.1109/TITS.2021.3114199","https://www.scopus.com/inward/record.uri?eid=2-s2.0-85118651447&doi=10.1109%2fTITS.2021.3114199&partnerID=40&md5=b7272ebb82afd93f2593d7e759f1386d","15249050","",""
"Skunk - A Blockchain and Zero Trust Security Enabled Federated Learning Platform for 5G/6G Network Slicing","2022","10.1109/SECON55815.2022.9918536","https://www.scopus.com/inward/record.uri?eid=2-s2.0-85141167937&doi=10.1109%2fSECON55815.2022.9918536&partnerID=40&md5=829714aaf75fe4345b3099f2768ef16d","21555486","978-166548643-9",""
"URLLC resource slicing and scheduling for trustworthy 6G vehicular services: A federated reinforcement learning approach","2021","10.1016/j.phycom.2021.101470","https://www.scopus.com/inward/record.uri?eid=2-s2.0-85116863590&doi=10.1016%2fj.phycom.2021.101470&partnerID=40&md5=176a33d85dd2e95a56edac39a617ae45","18744907","",""
"AI-Enabled Blockchain Framework for Dynamic Spectrum Management in Multi-operator 6G Networks","2022","10.1007/978-3-030-92435-5_19","https://www.scopus.com/inward/record.uri?eid=2-s2.0-85121400094&doi=10.1007%2f978-3-030-92435-5_19&partnerID=40&md5=6dc81eb809fe1aea936190a89537812f","18761100","",""
"Design of Resources Allocation in 6G Cybertwin Technology Using the Fuzzy Neuro Model in Healthcare Systems","2022","10.1155/2022/5691203","https://www.scopus.com/inward/record.uri?eid=2-s2.0-85123659484&doi=10.1155%2f2022%2f5691203&partnerID=40&md5=d9553bf1b63706318a5fda44496861b2","20402295","",""
"Efficient and reliable hybrid deep learning-enabled model for congestion control in 5G/6G networks","2022","10.1016/j.comcom.2021.11.001","https://www.scopus.com/inward/record.uri?eid=2-s2.0-85119096411&doi=10.1016%2fj.comcom.2021.11.001&partnerID=40&md5=9e2a4fd04567f917a483b45978a24539","01403664","","COCOD"
"A Resource Allocation Scheme for Energy Demand Management in 6G-enabled Smart Grid","2023","10.1109/ISGT51731.2023.10066396","https://www.scopus.com/inward/record.uri?eid=2-s2.0-85151536296&doi=10.1109%2fISGT51731.2023.10066396&partnerID=40&md5=1f170df9ec8a583184a4763f3e0e9dac","","978-166545355-4",""
"Intelligent Radio Access Network Slicing for Service Provisioning in 6G: A Hierarchical Deep Reinforcement Learning Approach","2021","10.1109/TCOMM.2021.3090423","https://www.scopus.com/inward/record.uri?eid=2-s2.0-85112158264&doi=10.1109%2fTCOMM.2021.3090423&partnerID=40&md5=cab59da5285f0c06db36208e683ce870","00906778","","IECMB"
"A waveform parameter assignment framework for 6g with the role of machine learning","2020","10.1109/OJVT.2020.2992502","https://www.scopus.com/inward/record.uri?eid=2-s2.0-85097972349&doi=10.1109%2fOJVT.2020.2992502&partnerID=40&md5=6eca4b675741e259894b5eab26841b63","26441330","",""
"On-Demand Resource Management for 6G Wireless Networks Using Knowledge-Assisted Dynamic Neural Networks","2022","10.1109/ICC45855.2022.9882279","https://www.scopus.com/inward/record.uri?eid=2-s2.0-85139168910&doi=10.1109%2fICC45855.2022.9882279&partnerID=40&md5=fa41f4d36304d2ae2c63d3e402e1234b","15503607","",""
"Scalability of Distributed Intelligence Architecture for 6G Network Automation","2022","10.1109/ICC45855.2022.9838791","https://www.scopus.com/inward/record.uri?eid=2-s2.0-85137270139&doi=10.1109%2fICC45855.2022.9838791&partnerID=40&md5=f653a2bed1181b83ffb13432b668e4bc","15503607","978-153868347-7",""
"Demonstrating fluid connectivity for Computing Anywhere with 6G Cloud Networks","2022","10.1109/GCWkshps56602.2022.10008620","https://www.scopus.com/inward/record.uri?eid=2-s2.0-85146899673&doi=10.1109%2fGCWkshps56602.2022.10008620&partnerID=40&md5=c38f87f711b1b879ff21bf83e4b2076a","","978-166545975-4",""
"Deep Reinforcement Learning-Based Adaptive Handover Mechanism for VLC in a Hybrid 6G Network Architecture","2021","10.1109/ACCESS.2021.3089521","https://www.scopus.com/inward/record.uri?eid=2-s2.0-85117545110&doi=10.1109%2fACCESS.2021.3089521&partnerID=40&md5=c3865abaa67af1b69725d2c0d1457142","21693536","",""
"The Evolution of Networks and Management in a 6G World: An Inventor's View","2022","10.1109/TNSM.2022.3188200","https://www.scopus.com/inward/record.uri?eid=2-s2.0-85134264731&doi=10.1109%2fTNSM.2022.3188200&partnerID=40&md5=eb897b15ce9309d16b7097f74d2a5751","19324537","",""
"Neural architecture search for robust networks in 6g-enabled massive iot domain","2021","10.1109/JIOT.2020.3040281","https://www.scopus.com/inward/record.uri?eid=2-s2.0-85097134583&doi=10.1109%2fJIOT.2020.3040281&partnerID=40&md5=c235bee8f18ca37edaed963fc47419ec","23274662","",""
"Intelligent Resource Allocation Algorithm for 6G Multi-tenant Network Slicing Based on Deep Reinforcement Learning; [基于DRL的6G多租户网络切片智能资源分配算法]","2020","10.13190/j.jbupt.2020-211","https://www.scopus.com/inward/record.uri?eid=2-s2.0-85100958381&doi=10.13190%2fj.jbupt.2020-211&partnerID=40&md5=ce4c880119756ba79310ea2c241a81f3","10075321","","BYXBE"
"Federated Imitation Learning: A Cross-Domain Knowledge Sharing Framework for Traffic Scheduling in 6G Ubiquitous IoT","2021","10.1109/MNET.011.2100134","https://www.scopus.com/inward/record.uri?eid=2-s2.0-85119428361&doi=10.1109%2fMNET.011.2100134&partnerID=40&md5=62b3d0799847470bf279f6313992998a","08908044","","IENEE"
"A Deep-Q Learning Scheme for Secure Spectrum Allocation and Resource Management in 6G Environment","2022","10.1109/TNSM.2022.3186725","https://www.scopus.com/inward/record.uri?eid=2-s2.0-85133677664&doi=10.1109%2fTNSM.2022.3186725&partnerID=40&md5=6335806205f5a16598670eef54ee2b4a","19324537","",""
"Improving Scalability of 6G Network Automation with Distributed Deep Q-Networks","2022","10.1109/GLOBECOM48099.2022.10000643","https://www.scopus.com/inward/record.uri?eid=2-s2.0-85146962906&doi=10.1109%2fGLOBECOM48099.2022.10000643&partnerID=40&md5=4307c42c3125e470a794b6e17060d0f4","23340983","",""
"An Overview of Massive MIMO for 5G and 6G","2022","10.1109/TLA.2022.9757375","https://www.scopus.com/inward/record.uri?eid=2-s2.0-85128859283&doi=10.1109%2fTLA.2022.9757375&partnerID=40&md5=70e24f5a2572aa396cf9b630929c162e","15480992","",""
"Cybertwin-driven resource allocation using deep reinforcement learning in 6G-enabled edge environment","2022","10.1016/j.jksuci.2022.02.005","https://www.scopus.com/inward/record.uri?eid=2-s2.0-85125434300&doi=10.1016%2fj.jksuci.2022.02.005&partnerID=40&md5=5b0203dd8a603bdeee7e662773ae0657","13191578","",""
"Evolution Toward 6G Multi-Band Wireless Networks: A Resource Management Perspective","2022","10.1109/MWC.006.2100536","https://www.scopus.com/inward/record.uri?eid=2-s2.0-85132533042&doi=10.1109%2fMWC.006.2100536&partnerID=40&md5=66e3f9052547bd82c9695a57c8a46c32","15361284","","IWCEA"
"Continual Learning Digital Predistortion of RF Power Amplifier for 6G AI-Empowered Wireless Communication","2022","10.1109/TMTT.2022.3210199","https://www.scopus.com/inward/record.uri?eid=2-s2.0-85139820378&doi=10.1109%2fTMTT.2022.3210199&partnerID=40&md5=021d138a599aa150cc25eb12d0468fd6","00189480","","IETMA"
"Secrecy Rate Maximization for THz-Enabled Femto Edge Users using Deep Reinforcement Learning in 6G","2022","10.1109/INFOCOMWKSHPS54753.2022.9798370","https://www.scopus.com/inward/record.uri?eid=2-s2.0-85133899788&doi=10.1109%2fINFOCOMWKSHPS54753.2022.9798370&partnerID=40&md5=8ecccc0738d8c39d3abaf49c4648e702","","978-166540926-1",""
"AI-driven Orchestration for 6G Networking: the Hexa-X vision","2022","10.1109/GCWkshps56602.2022.10008726","https://www.scopus.com/inward/record.uri?eid=2-s2.0-85146847719&doi=10.1109%2fGCWkshps56602.2022.10008726&partnerID=40&md5=f511f69381817ab43ceef884f10bea84","","978-166545975-4",""
"Tailoring FANET-Based 6G Network Slices in Remote Areas for Low-Latency Applications","2022","10.23919/IFIPNetworking55013.2022.9829809","https://www.scopus.com/inward/record.uri?eid=2-s2.0-85136248547&doi=10.23919%2fIFIPNetworking55013.2022.9829809&partnerID=40&md5=8d5430274c5dfd026d16fc41ecab5335","","978-390317648-5",""
"Application of artificial intelligence in 6G internet of things communication in interactive installation art","2022","10.1504/IJGUC.2022.124401","https://www.scopus.com/inward/record.uri?eid=2-s2.0-85135142844&doi=10.1504%2fIJGUC.2022.124401&partnerID=40&md5=20d717aa4660f1f1751fd7d60a8d8272","1741847X","",""
"Generating Mimo Channels for 6G Virtual Worlds Using Ray-Tracing Simulations","2021","10.1109/SSP49050.2021.9513861","https://www.scopus.com/inward/record.uri?eid=2-s2.0-85113559345&doi=10.1109%2fSSP49050.2021.9513861&partnerID=40&md5=aea9be178987a90b4798df35a49a6366","","978-172815767-2","IWSSB"
"Requirements and Specifications for the Orchestration of Network Intelligence in 6G","2022","10.1109/CCNC49033.2022.9700729","https://www.scopus.com/inward/record.uri?eid=2-s2.0-85135732180&doi=10.1109%2fCCNC49033.2022.9700729&partnerID=40&md5=98451dc1cac9a688ac0122ce6020ed4d","23319860","",""
"Toward Energy-Efficient Distributed Federated Learning for 6G Networks","2021","10.1109/MWC.012.2100153","https://www.scopus.com/inward/record.uri?eid=2-s2.0-85124225962&doi=10.1109%2fMWC.012.2100153&partnerID=40&md5=abf417e18f40f4b57c669cdd5395300b","15361284","","IWCEA"
"Intelligent Task Offloading for 6G-Enabled Maritime IoT Based on Reinforcement Learning","2021","10.1109/SPAC53836.2021.9539979","https://www.scopus.com/inward/record.uri?eid=2-s2.0-85116424509&doi=10.1109%2fSPAC53836.2021.9539979&partnerID=40&md5=d1cd0f7056051e4ae0c7c1b55e9d8811","","978-166544322-7",""
"Deep Reinforcement Learning Based Big Data Resource Management for 5G/6G Communications","2021","10.1109/GLOBECOM46510.2021.9685098","https://www.scopus.com/inward/record.uri?eid=2-s2.0-85184650636&doi=10.1109%2fGLOBECOM46510.2021.9685098&partnerID=40&md5=df6dc14ea2c78638929c25ae68b3db45","23340983","",""
"Effective Goal-oriented 6G Communications: the Energy-aware Edge Inferencing Case","2022","10.1109/EuCNC/6GSummit54941.2022.9815737","https://www.scopus.com/inward/record.uri?eid=2-s2.0-85130774487&doi=10.1109%2fEuCNC%2f6GSummit54941.2022.9815737&partnerID=40&md5=abf9aa7b4e9e7dcff287dcacc995e3dc","","978-166549871-5",""
"TEDGE-Caching: Transformer-based Edge Caching Towards 6G Networks","2022","10.1109/ICC45855.2022.9838981","https://www.scopus.com/inward/record.uri?eid=2-s2.0-85137265210&doi=10.1109%2fICC45855.2022.9838981&partnerID=40&md5=c9130d6e3c5a2b7bc4183e2773197c7d","15503607","978-153868347-7",""
"A Federated Deep Learning Empowered Resource Management Method to Optimize 5G and 6G Quality of Services (QoS)","2022","10.1155/2022/1352985","https://www.scopus.com/inward/record.uri?eid=2-s2.0-85128237330&doi=10.1155%2f2022%2f1352985&partnerID=40&md5=21e2d34657b3f689e8de56a7f29ebbdd","15308669","",""
"AI-Driven Aeronautical Ad Hoc Networks for 6G Wireless: Challenges, Opportunities, and the Road Ahead","2022","10.3390/s22103731","https://www.scopus.com/inward/record.uri?eid=2-s2.0-85129796352&doi=10.3390%2fs22103731&partnerID=40&md5=b3727077a980f51bbf8b96e6fb5e8a10","14248220","",""
"Reinforcement Learning-Empowered Mobile Edge Computing for 6G Edge Intelligence","2022","10.1109/ACCESS.2022.3183647","https://www.scopus.com/inward/record.uri?eid=2-s2.0-85132730469&doi=10.1109%2fACCESS.2022.3183647&partnerID=40&md5=a82b2787966960efb4f79a477a86b730","21693536","",""
"BlockCRN-IoCV: Secure Spectrum Access and Beamforming for Defense Against Attacks in mmWave Massive MIMO CRN in 6G Internet of Connected Vehicles","2022","10.1109/ACCESS.2022.3187745","https://www.scopus.com/inward/record.uri?eid=2-s2.0-85133791513&doi=10.1109%2fACCESS.2022.3187745&partnerID=40&md5=33b5d57688d10a3b5db8c57b58c6d14e","21693536","",""
"Collaborative Machine Learning for Energy-Efficient Edge Networks in 6G","2021","10.1109/MNET.100.2100313","https://www.scopus.com/inward/record.uri?eid=2-s2.0-85124142355&doi=10.1109%2fMNET.100.2100313&partnerID=40&md5=2b96dd20a6cf3041aed807d07f23d204","08908044","","IENEE"
"Level of Trust and Privacy Management in 6G Intent-based Networks for Vertical Scenarios","2022","10.1109/6GNet54646.2022.9830323","https://www.scopus.com/inward/record.uri?eid=2-s2.0-85136124302&doi=10.1109%2f6GNet54646.2022.9830323&partnerID=40&md5=28d3e70221852a6d7e13d48838fb115a","","978-166546763-6",""
"Resource Allocation and Task Off-Loading for 6G Enabled Smart Edge Environments","2022","10.1109/ACCESS.2022.3203711","https://www.scopus.com/inward/record.uri?eid=2-s2.0-85137547571&doi=10.1109%2fACCESS.2022.3203711&partnerID=40&md5=d717858ce2ee9ae99c055670b58f8c61","21693536","",""
"Intelligent O-RAN for Beyond 5G and 6G Wireless Networks","2022","10.1109/GCWkshps56602.2022.10008676","https://www.scopus.com/inward/record.uri?eid=2-s2.0-85146878758&doi=10.1109%2fGCWkshps56602.2022.10008676&partnerID=40&md5=e770877fa824071a74f4feb6bccd0507","","978-166545975-4",""
"Energy-efficient resource allocation strategy in massive iot for industrial 6G applications","2021","10.1109/JIOT.2020.3035608","https://www.scopus.com/inward/record.uri?eid=2-s2.0-85098757956&doi=10.1109%2fJIOT.2020.3035608&partnerID=40&md5=e040c8860dae06f334ad9e709664cf8f","23274662","",""
"AI in 6G: Energy-Efficient Distributed Machine Learning for Multilayer Heterogeneous Networks","2022","10.1109/MNET.104.2100422","https://www.scopus.com/inward/record.uri?eid=2-s2.0-85135741085&doi=10.1109%2fMNET.104.2100422&partnerID=40&md5=2cd9b853a0677e329f585ce8771933a4","08908044","","IENEE"
"PRS-P2P: A Prosumer Recommender System for Secure P2P Energy Trading using Q-Learning towards 6G","2021","10.1109/ICCWorkshops50388.2021.9473888","https://www.scopus.com/inward/record.uri?eid=2-s2.0-85112790645&doi=10.1109%2fICCWorkshops50388.2021.9473888&partnerID=40&md5=48992e5c0c008f7314e5ed8e1ab14707","","978-172819441-7",""
"Towards artificial intelligence enabled 6G: State of the art, challenges, and opportunities","2020","10.1016/j.comnet.2020.107556","https://www.scopus.com/inward/record.uri?eid=2-s2.0-85093941078&doi=10.1016%2fj.comnet.2020.107556&partnerID=40&md5=601c3c2c8b641d93b68c9e5225fc0368","13891286","","CNETD"
"Smart stochastic routing for 6G-enabled massive Internet of Things","2021","10.1016/j.comcom.2021.09.015","https://www.scopus.com/inward/record.uri?eid=2-s2.0-85116592901&doi=10.1016%2fj.comcom.2021.09.015&partnerID=40&md5=626869a68f978204adb99d8ea1dc0981","01403664","","COCOD"
